:020000040800F2
:10000000681D0224A50400085B860008577E0008CE
:10001000598600085B2A0008159C000800000000B3
:10002000000000000000000000000000E5030008E0
:10003000D12E00080000000041040008A588000837
:10004000C3040008C3040008C3040008C304000874
:10005000C3040008C3040008C3040008C304000864
:10006000C3040008C3040008C30400085D2A000894
:10007000692A0008752A0008812A00088D2A0008CC
:10008000C3040008C3040008DD230008C3040008FB
:10009000C3040008C3040008C3040008C304000824
:1000A000C3040008C3040008C3040008C304000814
:1000B000C3040008C3040008C3040008C304000804
:1000C000C3040008C3040008C3040008C3040008F4
:1000D000C3040008FD9B0008099C0008C304000835
:1000E000C3040008C304000800000000C3040008A3
:1000F000C3040008C3040008C3040008C3040008C4
:10010000C3040008C3040008C3040008C3040008B3
:10011000C3040008C3040008C3040008C3040008A3
:10012000C3040008C3040008C3040008C304000893
:10013000C3040008C3040008C3040008C304000883
:1001400000000000000000000000000000000000AF
:10015000C3040008C3040008C3040008C304000863
:10016000C3040008C3040008C3040008C304000853
:10017000C3040008C3040008C30400080000000012
:10018000C3040008C3040008C3040008C304000833
:10019000C3040008C3040008C3040008C304000823
:1001A000C3040008C3040008C3040008C304000813
:1001B000C3040008C3040008C3040008C304000803
:1001C000C3040008C3040008C3040008C3040008F3
:1001D000C3040008C3040008C3040008C3040008E3
:1001E000C3040008C3040008C3040008C3040008D3
:1001F000C3040008C3040008C3040008C3040008C3
:10020000C3040008C3040008C3040008C3040008B2
:10021000C3040008C3040008618A0008C30400087E
:10022000C3040008C3040008C30400080000000061
:10023000C3040008C304000800000000C304000851
:10024000C3040008C3040008C3040008C304000872
:10025000C3040008C3040008C3040008C304000862
:10026000C3040008C3040008C3040008C304000852
:10027000C3040008C3040008C30400080000000011
:10028000C3040008C3040008C30400080000000001
:1002900000000000C304000800F002F800F092F82B
:1002A0000AA090E8000C82448344AAF10107DA45D1
:1002B00001D100F087F8AFF2090EBAE80F0013F091
:1002C000010F18BFFB1A43F00103184770DB000051
:1002D00090DB0000103A24BF78C878C1FAD85207E2
:1002E00024BF30C830C144BF04680C6070470000B0
:1002F0000023002400250026103A28BF78C1FBD82F
:10030000520728BF30C148BF0B6070476E2900F00C
:100310000B84702900F06B8566290DF0E683652952
:100320000DF0E38367290DF0E08361290DF0DF8391
:1003300003681B0A28BF41F08001692900F0AE81E3
:10034000642900F0AB81752900F0A8816F2900F0C5
:10035000F884782900F03785E92900F09384E429AE
:1003600000F09084F52900F08D84EF2900F0F584E9
:10037000F82900F036850368DB0928BF41F08001C9
:10038000632900F01484732900F01984E32901F033
:100390003B81F32901F04081002070471FB50DF02B
:1003A0009FFB01F08FF90400002000210DF082FB7B
:1003B000401C6060002000210DF066FBE0601FBD66
:1003C00010B510BD01F050F91146FFF7E7FF0AF034
:1003D000BFFF01F02DFA03B4FFF7F2FF03BC01F0F9
:1003E00065FA00002C4B19680868B0E8F04F80F3FC
:1003F0000988BFF36F8F4FF0000080F311887047BA
:100400000000000008480068006880F308884FF08A
:10041000000080F3148862B661B6BFF34F8FBFF35C
:100420006F8F00DF00BF00BF08ED00E0DFF80C00B9
:10043000016841F470010160704700BF88ED00E081
:10044000EFF30980BFF36F8F134B1A681EF0100F84
:1004500008BF20ED108A20E9F04F106009B44FF07A
:10046000500080F31188BFF34F8FBFF36F8F0CF0F4
:1004700071FA4FF0000080F3118809BC1968086810
:10048000B0E8F04F1EF0100F08BFB0EC108A80F3F8
:100490000988BFF36F8F704718000024EFF30580C1
:1004A000704700000A4880470A4880470A480047CA
:1004B000FEE7FEE7FEE7FEE7FEE7FEE7FEE7FEE714
:1004C000FEE7FEE705480649064A074B704700006D
:1004D000D92E0008698900089902000868170224CB
:1004E000681D0224681902246819022453EA020CC8
:1004F00000F069802DE9F04B4FF00006002B1FBF84
:10050000B3FA83F503FA05F424FA05F65E4012BF48
:100510001643B2FA82F502FA05F4C5F120051EBFB2
:1005200022FA05FC44EA0C04203556EA044C4FEA52
:10053000144418BF641C4FF000084FF000099042AB
:1005400071EB030C39D3002919BFB1FA81F701FA15
:1005500007F6B0FA80F700FA07F6C7F120071EBFCA
:1005600020FA07FC46EA0C062037B6FBF4FCA7EBA2
:100570000507103F07F01F0BCBF120060CFA0BFB11
:100580002CFA06F644BFB3460026202FA4BF5E46D1
:100590004FF0000B5BEA060C08BF4FF0010B19EBA4
:1005A0000B09ABFB027C48EB0608C01B06FB02CC28
:1005B0000BFB03CC71EB0C01C1E70B460246414635
:1005C0004846BDE8F08B13B54FF000004FF0000136
:1005D000AFF30080BDE81C40704700007CB51D46AD
:1005E00016460C00009001D02044401E074B7B446F
:1005F0002A4669460190304600F0AFFA05461CB124
:100600000020694600F0BCFA28467CBD9905000030
:100610000FB47CB50C0009AA009001D02044401E04
:10062000084B7B4469460190089800F096FA05460D
:100630001CB10020694600F0A3FA28467CBC5DF896
:1006400014FB00006505000070B50C460546012A44
:1006500005D02878800600D5EA69002302E001234E
:1006600005E05B1C934202D2E05C0028F9D1A86946
:10067000E618C01AA861286A18442862284600F0C3
:10068000C1F904E0D5E9012114F8010B9047B44207
:10069000F8D3284600F0CCF970BD00002DE9F041F8
:1006A0000646002410687529314616A510D000F0C2
:1006B000D0F9002802DA404213A507E031688A0722
:1006C00001D512A502E0490704D511A5012401E0D6
:1006D00000F0C8F900210A2206F1240709E0B0FB66
:1006E000F2FCB0FBF2F302FB1C00303078541846E9
:1006F000491C0028F3D123462A463046BDE8F04184
:1007000000F0B9B9000000002D0000002B0000002F
:10071000200000002DE9F05F894604464FF0000AF2
:10072000DFF874B1FB44C0F820A02046E168884798
:10073000002874D0252806D0D4E901219047206AEA
:10074000401C2062F1E700265F462046E1688847AA
:100750002028054607DB312D05D2781910F8200C2A
:1007600008B10643F1E7B00701D526F00406C4F846
:100770001CA00027C4F818A02A2D09D0284609F08B
:100780007BFF38B304EB8708303DC8F8185019E0F8
:1007900059F8041B204604EB87029161E168884701
:1007A000012F054618D1E069002820DA26F020063E
:1007B0001DE0D8F8180000EB800005EB4000303851
:1007C000C8F818002046E1688847054609F054FF3C
:1007D0000028EED1012F0AD02E2D08D12046E16845
:1007E00088477F1C0546022F46F02006C4DBA0691F
:1007F000002803DA404246F00106A061F00701D06C
:1008000026F010066C2D0BD0682D09D04C2D39D058
:100810006A2D35D0742D35D07A2D33D016E038E0DE
:10082000E1682F4620468847B842054609D16C2F1B
:1008300026D04FF48060E16806432046884705468D
:1008400004E06C2F1AD04FF4807006430DB3A5F16D
:100850004100192802D8203546F400664A46294648
:10086000204626604E46FFF751FD80B101280BD08F
:10087000F61D26F0070000F1080956E74020E4E7DE
:100880008020D8E70020D6E706F104094DE7284686
:1008900052E7206ABDE8F09F84D50000032A40F2A9
:1008A000308010F0030C00F0158011F8013BBCF112
:1008B000020F624498BF11F801CB00F8013B38BF2A
:1008C00011F8013BA2F1040298BF00F801CB38BF38
:1008D00000F8013B11F0030300F02580083AC0F056
:1008E000088051F8043B083A51F804CBA0E80810FE
:1008F000F5E7121D5CBF51F8043B40F8043BAFF331
:100900000080D20724BF11F8013B11F801CB48BF8A
:1009100011F8012B24BF00F8013B00F801CB48BFC0
:1009200000F8012B704710B5203AC0F00B80B1E8F9
:100930001850203AA0E81850B1E81850A0E8185014
:10094000BFF4F5AF5FEA027C24BFB1E81850A0E81D
:10095000185044BF18C918C0BDE810405FEA827C37
:1009600024BF51F8043B40F8043B08BF7047D2074E
:1009700028BF31F8023B48BF11F8012B28BF20F8EF
:10098000023B48BF00F8012B704702F0FF0343EA27
:10099000032242EA024200F037BA4FF0000200B5EB
:1009A000134694469646203922BFA0E80C50A0E892
:1009B0000C50B1F12001BFF4F7AF090728BFA0E840
:1009C0000C5048BF0CC05DF804EB890028BF40F80C
:1009D000042B08BF704748BF20F8022B11F0804F4E
:1009E00018BF00F8012B704770477047704710B56B
:1009F00000F02AFA006810BD10B5044600F024FA91
:100A0000046010BD70B5044685690068C10601D553
:100A1000302600E02026C00707D070BDD4E90121B0
:100A200030469047206A401C20626D1EF6D570BD8E
:100A300070B5044685690078C00707D170BDD4E958
:100A4000012120209047206A401C20626D1EF6D5AF
:100A500070BD09684A0501D540B27047C905FCD58B
:100A600000B2704709684A0501D5C0B27047C90590
:100A7000FCD580B270472DE9F0470D469946924665
:100A8000044600F124080168880604D5E06921F0D5
:100A90001001216000E00120A84201DD471B00E0B9
:100AA0000027A1697A1902EB0900081AA0612078D1
:100AB000C00602D42046FFF7A5FF002608E0D4E9CF
:100AC00001211AF806009047206A401C761C20621B
:100AD0004E45F4DB2078C0060AD52046FFF792FF8A
:100AE00006E0D4E9012130209047206A401C2062B2
:100AF000381EA7F10107F4DC07E0D4E9012118F85A
:100B000005009047206A401C2062281EA5F10105BF
:100B1000F3DC2046FFF78CFF2078000602D5022088
:100B2000BDE8F0870120FBE711680268006A530501
:100B300001D508700AE0D30501D5088006E0130648
:100B400003D5C217C1E9000200E008600120704728
:100B500001694A1C02610878704700B58FB0CDE981
:100B600001310021059105497944CDE90310114671
:100B70006846FFF7CFFD0FB000BD0000E5FFFFFFA7
:100B80000A6802F8010B0A607047D1E900239A4213
:100B900002D2531C0B601070704710B5436913B13B
:100BA000AFF3008001E0FFF74FFD012010BD127888
:100BB00000F124010A7000224A700122EDE7116859
:100BC0004FF0FF32E9E700002DE9FF5F15468A4646
:100BD0000446DFF8AC80F8440027D8E900103E4610
:100BE000CDE9001010E03AF816106A4602A800F0AD
:100BF00017FD411C07D02178890603D5E269391811
:100C000091420DD80744761C2078800602D5E06911
:100C1000B84205DDAE42E6DB3AF816000028E2D124
:100C2000A069C01BA0612046FFF7ECFED8E90010C8
:100C3000CDE90010002017E03AF818106A4602A823
:100C400000F0EEFCB0F1FF3F81460BD000250DF126
:100C5000080B05E0D4E901211BF8050090476D1C45
:100C60004D45F7D308F10100B0428046E4DB206A2D
:100C7000384420622046FFF7DBFEBDE8FF9F0000FE
:100C8000E6D000002DE9F0418046D21D22F0070297
:100C90000025D2E90002F52915A614D0011E72F133
:100CA000000106DA0023D0EB030063EB020211A679
:100CB00008E0D8F800108B0701D50FA602E049071D
:100CC00001D50EA601251146002408F1240704E0F1
:100CD00000F0BEF830323A55641C50EA0102F7D1F8
:100CE0002B46324621464046BDE8F041FFF7C3BEE1
:100CF000000000002D0000002B000000200000007C
:100D000030B4002100F1240408E002F00705D20805
:100D1000303542EA4372DB086554491C52EA030548
:100D2000F3D10468002310A2250707D5A40600D438
:100D300021B1C46901230DA2641EC46130BCFFF758
:100D40009ABE10B5044621461068FFF78BFE024696
:100D50002046BDE810400023D2E7D21D22F0070153
:100D6000D1E90023CCE700000000000030000000C3
:100D7000F0B40D460188090502D5214C7C4402E0FF
:100D80001F4C7C440E34002100F1240608E002F0E0
:100D90000F071209E75D42EA03721B097754491CE9
:100DA00052EA0307F3D102780023120704D5702D0D
:100DB00006D009B1022311342246F0BCFFF75BBE16
:100DC00001231034F8E770B504460D46214610683B
:100DD000FFF748FE024629462046BDE87040002342
:100DE000C6E7D21D22F00703D3E90023C0E703685A
:100DF000126843F0200303600823C3610023B7E7B0
:100E000048CF00004FF000020429C0F0128010F01B
:100E1000030C3FF4C4ADCCF1040CBCF1020F18BFBD
:100E200000F8012BA8BF20F8022BA1EB0C01FFF763
:100E3000B6BD5FEAC17C24BF00F8012B00F8012B8E
:100E400048BF00F8012B7047004870470417022480
:100E500030B5B0F10A024FEA900E71F100034EEA8C
:100E6000817EB0EB0E0061EB91014FEA101E4EEA5D
:100E7000017E10EB0E0041EB11114FEA102E4EEAED
:100E8000016E10EB0E0041EB11214FEA104E4EEABD
:100E9000014E10EB0E0041EB1141401841F10001F1
:100EA0004FEAD00040EA41704FEAD10110EB8005D3
:100EB0004FEA810444EA907444EB01046D1944EB59
:100EC0000404521BA3414FF0000348BF0A3200D56F
:100ED00030BD401C41F1000130BD70472DE9FF4F8E
:100EE0000C461E464FF0FF378BB0D2E90001DDF80B
:100EF00060800A908A46C1F30A5505B93D46002133
:100F000008464FF00000BAF1000F00F4400005DA87
:100F100000EB80004FF4400101EA50004FEA905985
:100F2000B9F1010F00DDB9460A9850EA4A000ED027
:100F300044F61050A5F2FF3545432F14B8F1000FC9
:100F40001ED07542291E1EDDC9F100021CE0B8F159
:100F5000010F4FF0000001D0302103E0F24305E023
:100F60002154401CB042FBDB3046002200212154BA
:100F70000B99C1F80880C1E900200FB0BDE8F08FDF
:100F8000BD1B6D1CDEE74A4600DA694206A800F088
:100F9000DDFB06AB93E8070003AB83E80700504690
:100FA0000A9900F08AFC8DE80700A0F500501F3870
:100FB00000900398002D0ADD42F21F014A460844C2
:100FC000002303A90390684600F0F3FE09E0A0F5B2
:100FD00000504A461F38002303A90390684600F0DA
:100FE000FDFE8DE807000004000C03D04FF0FF3039
:100FF000410800E01046B8F1000F03D00022009233
:1010000015461EE0751E05D4FFF722FF30326255EB
:101010006D1EF9D5B3460122084302D000227F1C81
:1010200004E02078302801D100227F1E002A099791
:1010300084D01DE0112D07DAFFF70AFF3032625528
:101040006D1C50EA0102F5D1084302D00098C8B1E6
:101050000EE00021681E05E0235C625C63542254AC
:10106000401E491C8142F7DBAB46A81B401E09907D
:10107000002004F80B000B98099AC0F80880C0E91A
:10108000002B7AE711264FF0000857E72DE9F04FC3
:1010900088460446D21D22F0070191B0D1E9000133
:1010A000CDE90A0108F0B7FD02460B98C00F01D048
:1010B0002D2007E02068810701D52B2002E02021A8
:1010C00001EAC000032A099001D0072A05DB034684
:1010D0004146204600F0FAFA0BE12078800601D55F
:1010E000E06900E00620B8F1650F814606D0B8F14E
:1010F000660F18D0B8F1670F70D131E00020B9F158
:10110000110F009001DB112301E009F101030AAA8C
:1011100001A90CA8FFF7E2FEDDE90C70002609F139
:101120000105834647E001204B4600904FF0004701
:101130000AAA01A90CA8FFF7D1FEDDE90DB00C99B0
:101140005D46002610B909F101000D18B9EB050044
:1011500003D4C0F1FF3609F10105A5EB09002BE02E
:10116000B9F1010F01DA4FF001090020B9F1110FB7
:101170000090484601DD112300E003460AAA01A9B8
:101180000CA8FFF7ABFEDDE90C704D460026834648
:10119000207800070AD4AB4500DA5D4601A8012D8E
:1011A00004DD411911F8011C302907D04F4502DA3E
:1011B00017F1040F04DA012082460FE06D1EEEE7FE
:1011C000002F02DCED1B3E4403E0781CA84200DD4A
:1011D0007D1CB81B00F1010A4FF000472078000782
:1011E00003D4AA4501DB4FF0FF3A0021B7F1004FCD
:1011F0000DF143088DF8431024D002202B23002F3B
:1012000001DA7F422D230A21021EA0F1010000DC39
:101210005FB197FBF1FC97FBF1F201FB1C7C1746D9
:101220000CF1300C08F801CDEEE7A8F101000370D5
:101230002188090501D5452100E06521A0F10108BB
:1012400000F8011C09980FA9A1EB0807FF1D00B1C8
:101250000120411901EBEA70A1693844081A401EC7
:10126000A0612078C00602D42046FFF7CBFB099886
:1012700028B1D4E901219047206A401C20622078DF
:10128000C00622D52046FFF7BDFB1EE0002E04DB82
:10129000B34502DD01A8805D00E03020D4E90121E2
:1012A0009047206A401C2062761CAAF101005FEA88
:1012B000000A0AD100F006FAC0680168405CD4E96F
:1012C00001219047206A401C2062281EA5F10105DB
:1012D000DCDC07E0D4E9012118F8010B9047206A13
:1012E000401C2062381EA7F10107F3DC2046FFF7FF
:1012F0009FFB032011B041E62DE9F04F04460D4657
:10130000D21D22F0070089B0D0E90097484639463F
:1013100008F081FC0246F80F01D02D2307E0206879
:10132000810701D52B2302E0202101EAC0038DF8BB
:1013300020300BB1012000E00020032A824601D0BA
:10134000072A04DB2946204600F0C0F93FE1207857
:10135000800601D40D2500E0E569C7F30A560D2D7E
:1013600049DA00214FEA175B08464FF00000002FD2
:1013700000F4400007DA00EB80004FF4400100EB7E
:10138000D07001EA60008115012901DD4FF0FF31C5
:1013900000224FEA850CBCF1180F06D31346ACF1BE
:1013A00018004FF08052C24003E04FF4801323FA3C
:1013B0000CF30CF10C0CBCF1200F04D3ACF1200C9D
:1013C00009FA0CF001E007FA0CF000294FF0004890
:1013D00001DD18B90FE00ED140450CD319EB02091D
:1013E0005F4121B9404502D19F4329EA0209BBEB85
:1013F000175F00D0761C2088000502D57B48784412
:1014000002E07A487844193808AA302302F80A30F2
:10141000037C0AF10101002E0AF1020A53546A46C4
:1014200002DC4FF0300101E04FF031014FF00108D4
:101430008DF8001002D0A6F2FF3603E059EA47010A
:1014400000D06B4E002D02DC2178090704D54FF047
:1014500002082E218DF80110C44600210BE0C7F3CD
:1014600003433F01C35C491C6D1E02F80830052987
:1014700008F1010801DA002DF1DC00210CE000EB9D
:101480001973491C1B786D1E082902F808304FEAB1
:10149000091908F1010801DA002DF0DC21688B063A
:1014A00002D516E0A8F10108E04505DD02EB0803CE
:1014B00013F8013C302BF5D0B8F1000F09DD02EB39
:1014C000080313F8013C2E2B03D1090701D4A8F11E
:1014D0000108002D05DD3E2102F808106D1E08F1FF
:1014E0000108407C002E02F8080008F1010804DA27
:1014F0002D20764202F8080002E02B2002F80800B6
:101500000A214FF47A70864208F101080BDB96FB42
:10151000F0F3303302F8083096FBF0F308F10108DD
:1015200000FB136601E0642E0CDB642096FBF0F3F5
:10153000303302F8083096FBF0F308F1010800FBA5
:10154000136601E00A2E06DB96FBF1F0303002F85C
:10155000080008F1010896FBF1F001FB1060303043
:1015600002F80800A16908F1010808EB050202EB86
:101570000A00081AA0612078C00602D42046FFF7AE
:1015800041FA216A08AE01EB0A00206204E0D4E9C6
:10159000012116F8010B9047BAF1010AF7D2207821
:1015A000C00602D52046FFF72DFA6E4609E016F870
:1015B000010B3E280FD0D4E901219047206A401C3E
:1015C0002062B8F10108F2D22046FFF731FA09B0E3
:1015D0000320BDE8F08F206A2844206203E0D4E9AC
:1015E0000121302090476D1EEBD3F8E721C90000A0
:1015F00002FCFFFF10B5436913B1AFF3008001E0B7
:10160000FFF7E2FA012010BD128800F12401828464
:101610000022C2840122EDE711684FF0FF32E9E7B2
:1016200070B516460C46054600F044F8036893F87A
:101630000101012806D0FF2C0FD8185D68B10120E8
:101640002C7070BDD3F807013246214603F2071310
:1016500003442846BDE8704018474FF0FF3070BD86
:1016600000487047041702247546FFF7F9FFAE469D
:1016700005006946534620F00700854618B020B59E
:10168000FEF720FFBDE820404FF000064FF00007B6
:101690004FF000084FF0000B21F00701AC46ACE81A
:1016A000C009ACE8C009ACE8C009ACE8C0098D4687
:1016B0007047000010B500F005F8001D10BD00BF18
:1016C000F5C3000000487047241702242DE9F041BB
:1016D0001F46044603260168072A01F4006004DB64
:1016E00008B116A505E016A503E008B115A500E0B0
:1016F00015A521F010002060A069C01EA0610FB1E7
:10170000401EA0612046FFF77DF94FB1D4E90121C9
:1017100038469047206A401C2062C01C206206E0C8
:10172000206AFAE7D4E9012115F8010B9047761EEB
:10173000F8D22046FFF77CF9BDE8F0814E414E001B
:101740006E616E00494E4600696E66002DE9F047F5
:10175000814616468AB0354878440DC88DE80D009C
:1017600032487844801C03AC0DC884E80D0041F673
:101770009B300844372190FBF1F290FBF1F5A5F185
:10178000800501FB12041B3C02D56442012000E0ED
:101790000020DFF898A080460027FA44AAF1BE0A8C
:1017A0000EE0E0070AD03246684607EB4701012306
:1017B0000AEB810100F012FB8DE8070064107F1C2A
:1017C000002CEED1194F7F44AE3F19E0E80715D049
:1017D00007EB04100DF1180A90E80E008AE80E00DD
:1017E000C068F04201D1981908903246012306A939
:1017F00003A800F0F3FA03AB83E807006D10641C44
:10180000002DE3D14FF0010332466946B8F1000FD5
:1018100003A802D000F0CDFA01E000F0DFFAC9E938
:101820000001C9F808200AB0BDE8F08758C60000DA
:1018300010B50446AFF300802046BDE81040FEF727
:10184000CABD00004FF0013C50F8042B51F8043B96
:101850009A4215D1A2EB0C03934313EACC130BD19C
:1018600050F8042B51F8043B9A4209D1A2EB0C0327
:10187000934313EACC13E7D04FF00000704700BF4A
:10188000D01A01BAB1FA81F101F0180122FA01F07F
:10189000CB40C1F12001DBB2C0B2C01A2CFA01F377
:1018A000D11A914311EAC311E6D1704701491820BA
:1018B000ABBEFEE72600020070475FEA400C08BF9F
:1018C00091F0000F4FEA8C234FEAC12243EA5151B5
:1018D0004FEA1C5018BF00F5F0404FEA300018BF27
:1018E00041F000415FEA6C5C00F02980BCF1FF3FF1
:1018F00008BF40F080407047130C06BF12044FF041
:10190000100C4FF0000C130E04BF12020CF1080C67
:10191000130F04BF12010CF1040C930F04BF9200CB
:101920000CF1020CD30F04BF52000CF1010C114654
:101930004FF00002A0F11F00A0EB0C00704711F067
:10194000004F08BF704731F000413FF4D5AF0B0C9A
:1019500006BF09044FF0100C4FF0000C0B0E04BF33
:1019600009020CF1080C0B0F04BF09010CF1040C67
:101970008B0F04BF89000CF1020CCB0F04BF490090
:101980000CF1010CCCF12003A0EB0C0022FA03F3C4
:1019900002FA0CF241EA030100F10100704720F065
:1019A0007F4C80EA030023F07F47ACEB070303F58D
:1019B0007C5300F0004003F1FF032DE980494FEA1A
:1019C000154B09B44FEA144325EA0B4E24EA0348A9
:1019D0000FF2042606EB132749083E785FEA32022D
:1019E00003FB0667C7F5000707FB06F64FEA543707
:1019F0004FEAD64606F1020607FB066CCCF1005C06
:101A00004FEA1C472CEA074C07FB06F40CFB06F5D3
:101A100004EB15464FEA961634BF00204FF0004005
:101A20004FEAD13706FB07FC4FEA1C4C0CFB0BF7C7
:101A3000D21B03FB0CF761EB07010CFB0EF7B0EBBD
:101A4000074072EB17420CFB08F734BFA2EB0742CA
:101A5000B2EB074261EB17414FEA0C444FEA9107A2
:101A600006FB07FC4FEA1C4C0CFB0BF7B0EBC74026
:101A700072EB573203FB0CF734BFA2EBC742B2EB59
:101A8000C74261EB57310CFB0EF7B0EBC70072EBAE
:101A900057720CFB08F734BFA2EBC702B2EBC702C8
:101AA00061EB5771039F4FEA816141EA921104EBA8
:101AB000CC044FEAD1374FEA826206FB07FC42EAC8
:101AC00090124FEA80604FEA1C4C0CFB0BF7D21BC4
:101AD00003FB0CF761EB07010CFB0EF7B0EB0740C3
:101AE00072EB17420CFB08F734BFA2EB0742B2EBD4
:101AF000074261EB17414FEA8C554FEA910704EB1F
:101B00009C2406FB07FC4FEA1C4C0CFB0BF7B0EBCC
:101B1000C74072EB573203FB0CF734BFA2EBC7424E
:101B2000B2EBC74261EB57310CFB0EF7B0EBC700CD
:101B300072EB57720CFB08F734BFA2EBC702B2EB93
:101B4000C70261EB577115EB4C254FEA816141EA01
:101B500092114FEA82624FEAD13742EA901206FBB5
:101B600007FC44F100044FEA80604FEA1C4C0CFB78
:101B70000BF7D21B03FB0CF761EB07010CFB0EF715
:101B8000B0EB074072EB17420CFB08F734BFA2EB37
:101B90000742B2EB074261EB174115EB1C154FEA08
:101BA000813141EA92414FEA823242EA90424FEA61
:101BB00080304FEA0C7644F1000448EA03434EEAD1
:101BC0000B484FF0000EB2EB080C71EB030724BF7B
:101BD000624639464EEB0E0E4FF0000B0018524194
:101BE00049414BEB0B0BB2EB080C71EB03077BF19C
:101BF000000B24BF624639464EEB0E0E4FF0000B31
:101C00000018524149414BEB0B0BB2EB080C71EB46
:101C100003077BF1000B24BF624639464EEB0E0EE4
:101C200051EA020718BF46F0010616EB0E7655F191
:101C3000000254F1000103D5BDE88901BDE8008828
:101C4000BDE88901BDE80048B619524141EB0101E8
:101C5000A3F10103704780807F7E7D7C7B7A797859
:101C6000777676757473727171706F6E6E6D6C6C61
:101C70006B6A6A6968686766666564646363626103
:101C80006160605F5F5E5E5D5D5C5C5B5B5A5A5984
:101C900059585857575656555555545453535252F0
:101CA0005251515050504F4F4F4E4E4D4D4D4C4C48
:101CB0004C4B4B4B4A4A4A49494948484847474791
:101CC00047464646454545444444444343434342CE
:101CD000424242414141002B9C4630D477002BD0F8
:101CE0001CB54FEA370703B44FF010004FF0100156
:101CF000BAF1000F06D0BCF1000FDCBF40F00800C5
:101D000040F008014FF000000FBCBDE810400BF19F
:101D1000010BBBF1010F08BF5FEA170722BF12F1E9
:101D2000010211F101014FF0004143F1000300F005
:101D3000004043EA00007047F9D35708D0E746EA6D
:101D4000064613F1400F4FEA16461FDD13F1200F30
:101D5000DFBF16430A46002120335B42BED0C3F1E9
:101D6000200746EA064602FA07F74FEA164646EA11
:101D70000706C3F1200722FA03F201FA07F721FA56
:101D800003F14FF0000342EA0702A7E746EA020622
:101D900046EA06464FEA164646EA0106BCBF46EA50
:101DA0000646360C4FF000034FF000024FF00001E2
:101DB00094E72DE9804C9A46934670B491E8380038
:101DC00007C831EA400C48BF34EA430C03D5FFF79B
:101DD000E6FDFFF780FFF0BCBDE8008C2DE9804CEC
:101DE0009A46934670B491E8380007C810F0804FC7
:101DF00008BF13F0804F03D100F005F8FFF76BFF29
:101E0000F0BCBDE8008C20F07F4780EA030023F09F
:101E10007F4C07EB0C03A3F57C5300F00040A3F1CB
:101E2000FE0392F0000F00F0B38095F0000F00F079
:101E300077802DE901494FEA11404FEA144621EA23
:101E4000004800FB06FC24EA064708FB06F607FBF1
:101E500008F800FB07F718EB06484CEB164C4FEA66
:101E6000124B18EB07484FEA15464CEB174022EA95
:101E70000B4E0BFB06FC25EA06470EFB06F607FB9E
:101E80000EFE0BFB07F71EEB064E4CEB164C4FF00D
:101E900000061EEB074E4CEB174B18EB0B0840F1FE
:101EA000000018EB0E0B58EB000840F100008F1AF1
:101EB0004FF000013CBFC943661B14BFB5EB040CD7
:101EC00000213CBFC943F61B4FEA17444EEA8E0E71
:101ED00027EA04454FEA1C4704FB07622CEA074C3B
:101EE00005FB07F70CFB05F604FB0CFC16EB07469D
:101EF00042EB174216EB0C4642EB1C421BEB06066C
:101F000058EB0202414146EA9E0601D5BDE801892F
:101F1000B619524141EB0101A3F10103BDE801896A
:101F20004FEA14454FEA114724EA054621EA074CD7
:101F300005FB07F406FB07F70CFB06F105FB0CFCA1
:101F400011EB074144EB17444FEA124711EB0C41E8
:101F500044EB1C4422EA074C05FB07F206FB07F79B
:101F60000CFB06F605FB0CFC16EB074642EB174292
:101F700016EB0C4642EB1C456A1854F1000148BFB1
:101F80007047B619524141EB0101A3F101037047BB
:101F900095F0000F37D04FEA11424FEA144721EA7B
:101FA000024624EA074C02FB07F106FB07F70CFB8D
:101FB00006F402FB0CFC14EB074441EB17414FEA1B
:101FC000154714EB0C4441EB1C4125EA074C02FB7E
:101FD00007F506FB07F70CFB06F602FB0CFC16EBFD
:101FE000074645EB174516EB0C4645EB1C4212190C
:101FF00051F1000148BF7047B619524141EB010150
:10200000A3F1010370474FEA14454FEA114724EA50
:10201000054621EA074C05FB07F106FB07F70CFB19
:1020200006F24FF0000605FB0CFC12EB074241EBF9
:10203000174112EB0C4251EB1C4148BF70479218FC
:1020400041EB0101A3F101037047000070B53A496B
:1020500005460068884202D0384A904202D1D1F841
:10206000080302E03648D0F8080310F4403F11D0CE
:1020700004F030FC04466868B0F5803F06D0B0F547
:10208000003F03D0B0F5403F27D101E0000C18E03D
:10209000A40822E000214FF4002003F085FC044650
:1020A00068688103890B18D181140C2915D2DFE8E7
:1020B00001F0140606060606060B0D0F1113800C20
:1020C0004000B4FBF0F408E0240906E0640904E0F1
:1020D000A40902E0E40900E0240A03F025F841F233
:1020E0000301884208D8174884422868816813D8B9
:1020F00021F48071816070BD13496008884204D862
:102100002868816821F44071F4E71049884206D8B4
:102110002868816821F4407141F48071EAE70C4934
:1021200088422868816804D821F4407141F4007124
:10213000E0E741F44071DDE7002002400021024069
:1021400000600258002D3101105E5F0020BCBE000F
:1021500040787D012DE9F0410027044600680D46D6
:1021600005F0E4FF0646206805F0DCFF30435DD053
:1021700020682F4EC168890105D5617D012902D1F2
:10218000217D01290BD0022D1DD0206805F0CEFF46
:10219000B8B120688168C1F3400169B111E02549F7
:1021A000012502E08F4232D27F1C0268D2435206E0
:1021B000F8D440210160E8E78168314041F0100126
:1021C0008160012D11D0206805F0ACFF48B1206876
:1021D0008168C1F3400121B98168314041F020019B
:1021E0008160022D08D0032D04D0042502F0A2FF47
:1021F000064617E00C25F9E70825F7E702F09AFFF5
:10220000801B05280ED92068806828420AD0606D9E
:1022100040F010006065A06D40F00100A065012055
:10222000BDE8F081206880682842E7D10020F7E708
:10223000C0FFFF7F00DC0C0010B5846B616D11F0F6
:10224000500F06D0616DC90625D5204601F00CF966
:1022500010BD606D40F4007060652068016809077A
:1022600007D505F06BFF90B12068C068800403D5E6
:102270000DE0C06880070AD1606D20F48070606551
:10228000606DC00403D4606D40F0010060652046BD
:1022900001F0DAF810BDE16CC96CBDE810400847E8
:1022A00010B5806B416D41F040014165816D41F099
:1022B0000401816501F0D8F810BD10B5806B01F004
:1022C000D1F810BD70B50446006881688268C1F31A
:1022D000400112F0010F28D039BB816801F00D01D7
:1022E000012914D18168124A1140891C816021683A
:1022F0000320086002F01EFF054612E002F01AFFFC
:10230000401B02280DD920688068C00709D0606D85
:1023100040F010006065A06D40F00100A065012054
:1023200070BD20688068C007E8D1002070BD000043
:10233000C0FFFF7F70B504460068816811F0010F8F
:1023400040D18168204A11422DD18168D54329406E
:10235000491C816002F0EEFE1C49064620681C4BB9
:10236000884201D0984201D11A4A00E01A4A926884
:10237000984202F01F0200D0014681421DD0E2B116
:1023800020E0816811F0010F03D181682940491CC8
:10239000816002F0CFFE801B02280ED92068006801
:1023A000C043C00709D0606D40F010006065A06DAB
:1023B00040F00100A065012070BD20680168C9439C
:1023C000C907DED1002070BD3F0000800020024020
:1023D000002102400023024000630258014801F03E
:1023E00051B80000040100240FB430B59BB005467D
:1023F0001F9800281BD0104C2068002817D0682197
:102400006846FEF7CAFA8DF8005009F07DF810B161
:1024100009F08AF8019060211F9A20AB02A8FEF70C
:10242000DDF8002320681A46694609F011F91BB04F
:1024300030BC5DF814FB0000B000002400F078F917
:102440000348006810B1022109F002F872B6FEE7F5
:10245000980000244FF0FF30704770B504004FF033
:10246000000505D006F018FD28B1A81E256070BD36
:102470004FF0FF3070BD012506F0AAFF10B1281FF4
:10248000256070BD032506F0DBFD10B1E81F256057
:1024900070BD072506F00CFF18B16FF00400256031
:1024A00070BD0F2506F0B8FB18B16FF00500256070
:1024B00070BD1F2506F06CFC18B16FF0060025609A
:1024C00070BD3F202060002070BD0000012209483F
:1024D00010B5D10202F022FE074C00220121204655
:1024E00002F01CFE00222046022102F017FE00200E
:1024F00010BD000000100258000402580020704770
:10250000002070470020704770470020704700008F
:1025100010B58AB03B4924226846FEF704FA002031
:1025200008F080FF384C002268212060102009F05C
:1025300063F8002260601021082009F05DF8002295
:10254000A0608C21042009F057F80022E0608C2163
:10255000042009F051F8002220610821042009F02C
:102560004BF8002260616821102009F045F8002234
:10257000A0610120114609F04DF9E061002009F049
:10258000C4F82062002009F0C0F86062002009F061
:10259000BCF8A062002009F0B8F8E062002009F061
:1025A000B4F820632168E1B16168D1B1A168C1B11B
:1025B000E168B1B12169A1B1616991B1A16981B14C
:1025C000E16971B1216A61B1616A51B1A16A41B138
:1025D000E16A31B128B100F013F928B141F20200EB
:1025E0000CE041F2010009E0084800216A4609F0C8
:1025F0008FF90028606303D141F20300FFF71EFF4B
:102600000AB010BD68DB000898000024B9800008FB
:10261000002070470020704710B5C8B03A49242206
:102620006846FEF780F93849242209A82431FEF7CC
:102630007AF93549242212A84831FEF774F9324953
:1026400024221BA86C31FEF76EF92F49242224A8FE
:102650009031FEF768F92C4924222DA8B431FEF7F9
:1026600062F92949242236A8D831FEF75CF92649B7
:1026700024223FA8FC31FEF756F9244800216A467F
:1026800009F046F9224C002109AAA063214809F06B
:102690003FF9E0630021204812AA09F039F92064CB
:1026A00000211E481BAA09F033F9606400211C4870
:1026B00024AA09F02DF9A06400211A482DAA09F0D6
:1026C00027F9E0640021184836AA09F021F92065AD
:1026D000002116483FAA09F01BF96065A16B79B18A
:1026E000E16B69B1216C59B1616C49B1A16C39B12F
:1026F000E16C29B1216D19B110B1002048B010BDB5
:102700004FF0FF30FAE700008CDB0008958D0008E1
:1027100098000024E9920008358C00085D8F0008BD
:1027200009920008398B0008D58C00084D900008EC
:1027300070B50B4D06462868002810D04FF0FF31C9
:1027400008F0BAFF074CA068401CC4E9020607F075
:102750009AFF20612868BDE8704009F00AB870BD92
:10276000F00000248814022470B5040041D0214DEB
:10277000286800283DD04FF0FF3108F09DFF1E492A
:1027800014222046FEF7CFF81B49C02204F11400A2
:102790001431FEF7C8F81849442204F1D400D431AA
:1027A000FEF7C1F81549182204F58C70FEF7BBF846
:1027B0001249142204F598701831FEF7B4F80F4945
:1027C000202204F5A2702C31FEF7ADF80B49A022AF
:1027D00004F5B2704C31FEF7A6F80849182204F54A
:1027E0000170EC31FEF79FF82868BDE8704008F0F2
:1027F000C0BF70BDF000002488140224A01502247C
:102800001B48142110B5FEF7C8F81948C021143030
:10281000FEF7C3F816484421D430FEF7BEF8154839
:102820001821FEF7BAF8134814211830FEF7B5F84E
:10283000104820212C30FEF7B0F80E48A0214C3073
:10284000FEF7ABF80B481821EC30FEF7A6F8094963
:1028500000204C310870A031087008F056FF06497E
:10286000086008B1002010BD4FF0FF3010BD00001F
:1028700088140224A0150224F000002470B504007E
:1028800011D0094D286800280DD04FF0FF3108F015
:1028900013FF064818222146FEF745F82868BDE8D0
:1028A000704008F066BF70BDF0000024A01502243F
:1028B00070B5040011D0094D286800280DD04FF0E4
:1028C000FF3108F0F9FE0648C0222146FEF72BF83A
:1028D0002868BDE8704008F04CBF70BDF0000024CF
:1028E0009C1402242DE9F0410B4D07460E46286842
:1028F00000280ED04FF0FF3108F0DEFE074CC4E98F
:10290000007607F0C0FE20612868BDE8F04108F0BD
:1029100030BFBDE8F0810000F000002488140224DC
:1029200070B5040011D0094D286800280DD04FF073
:10293000FF3108F0C1FE0648A0222146FDF7F3FF53
:102940002868BDE8704008F014BF70BDF000002496
:10295000EC15022470B5040011D0094D2868002838
:102960000DD04FF0FF3108F0A7FE06484422214663
:10297000FDF7D9FF2868BDE8704008F0FABE70BDC9
:10298000F00000245C15022470B5040011D0094D3C
:10299000286800280DD04FF0FF3108F08DFE064862
:1029A00018222146FDF7BFFF2868BDE8704008F0F7
:1029B000E0BE70BDF00000248C16022470B5040047
:1029C00011D0094D286800280DD04FF0FF3108F0D4
:1029D00073FE064814222146FDF7A5FF2868BDE8CE
:1029E000704008F0C6BE70BDF0000024B815022487
:1029F00070B5040011D0094D286800280DD04FF0A3
:102A0000FF3108F059FE064820222146FDF78BFFD2
:102A10002868BDE8704008F0ACBE70BDF00000242E
:102A2000CC15022408480122102110B502F076FBD3
:102A300001220648114602F071FB0548012240219F
:102A400002F06CFB002010BD000002580008025884
:102A500000100258002070477047FEE7014801F05F
:102A6000A3BB000088050024014801F09DBB0000C5
:102A700000060024014801F097BB000078060024FE
:102A8000014801F091BB0000F0060024014801F06C
:102A90008BBB000068010024294A016891423AD0AA
:102AA000274A1832914236D0254A3032914232D0EC
:102AB000234A483291422ED0214A603291422AD094
:102AC0001F4A7832914226D01D4A9032914222D03C
:102AD0001B4AA83291421ED01A4A91421BD0194A71
:102AE0001832914217D0174A3032914213D0154A0A
:102AF000483291420FD0134A603291420BD0114AB2
:102B00007832914207D00F4A9032914203D00D4A59
:102B1000A832914211D1CAB21823103AB2FBF3F293
:102B20006FF30901032A02F00703074AD25CC2656A
:102B300000D9091D81650846704721F0FF01F9E7BA
:102B4000100002401004024028DB000830B5224A81
:102B5000012301689142CAB21BD01F4C1434A14218
:102B600017D01D4C2834A14213D01B4C3C34A14239
:102B70000FD0194C5034A1420BD0174C6434A142F1
:102B800007D0154C7834A14203D0134C8C34A142A9
:102B90000CD11421114C083AB2FBF1F10F4A8032EA
:102BA00001F01F0504EB8101AB4010E00C4D18242F
:102BB000103A0D44B2FBF4F1A82D00D80831094AAF
:102BC00001F01F0402EB8101064AA340803260300D
:102BD00080E80E0030BD000008540258005802582A
:102BE000F0FBFDBF0008024010B50279531E072B11
:102BF0002DD8174C0168A1421BD0154C1434A142AA
:102C000017D0134C2834A14213D0114C3C34A142AC
:102C10000FD00F4C5034A1420BD00D4C6434A14264
:102C200007D00B4C7834A14203D0094C8C34A1421C
:102C300003D10849074C443102E00749064C4431AE
:102C400004EB8202C0E91B2101219940416710BDBC
:102C500008540258FC580258FC08024010B5836919
:102C60004FF0C074826A0146002053B1B3F5005F93
:102C700015D072B1012A0CD0022A0AD0032A09D138
:102C800004E01AB1012A06D0022A03D1C96AC90197
:102C900000D5012010BDC96AA142FAD010BD002A9A
:102CA000F7D0012AF2D0022AF3D0032AF3D010BDC4
:102CB0002DE9F04F804E804FDFF8FC911836DFF899
:102CC000F8A148370468856D0AF1300ADFF8ECB1E5
:102CD0004C45DFF8ECC1DFF8ECE16DD0B4426BD0CD
:102CE000544569D0BC4267D0DFF8D081A8F11808FC
:102CF000444561D05C455FD064455DD074455BD090
:102D0000DFF8C481444557D0DFF8BC8108F11808CA
:102D1000444551D0DFF8B08108F1300844454BD02C
:102D2000DFF8A48108F14808444545D0DFF89881D0
:102D300008F1600844453FD0DFF88C8108F178083D
:102D4000444539D0DFF8808108F19008444533D0FC
:102D5000DFF8748108F1A80844452DD0DFF86C81B4
:102D6000444529D0DFF8648108F11408444523D094
:102D7000DFF8588108F1280844451DD0DFF84C8160
:102D800008F13C08444517D0DFF8408108F15008AD
:102D9000444511D0DFF8348108F1640844450BD074
:102DA000DFF8288108F17808444505D0DFF81C8158
:102DB00008F18C08444509D1D0E91948C4F80480C9
:102DC000C46E1CB1D0E91C48C4F8048004684C45AA
:102DD0002ED0B4422CD054452AD0BC4228D0374EF5
:102DE000183EB44224D05C4522D0644520D07445BE
:102DF0001ED0354EB4421BD0334E1836B44217D0D5
:102E0000314E3036B44213D02F4E4836B4420FD034
:102E10002D4E6036B4420BD02B4E7836B44207D0DC
:102E2000294E9036B44203D0274EA836B44215D16D
:102E300090F85C603F2406F01F06B440AC60046864
:102E4000256825F4802525602EE09A600068C16021
:102E5000BDE8F08F99600068C260F9E71B4EB4428C
:102E60001BD01A4E1436B44217D0184E2836B4422E
:102E700013D0164E3C36B4420FD0144E5036B442E6
:102E80000BD0124E6436B44207D0104E7836B4429E
:102E900003D00E4E8C36B442DAD190F85C60012437
:102EA00006F01F06B4406C60046863608368402BC2
:102EB0000368CFD1C9E7000010000240880002403B
:102EC000A0000240B800024010040240085402581A
:102ED000704772B6FEE700000548054908390268E8
:102EE00042F00202026008688004FCD570470000CE
:102EF0000C48025870477047704770477047000091
:102F00002DE9F0470F4690F850109AB00446012979
:102F10004FF0000915D00026DFF8F880012084F872
:102F2000500015961696216841450ED13A4D0095F0
:102F3000284605F0FFF88246206805F0FBF860B1EE
:102F40000EE002201AB0BDE8F087606D84F8506092
:102F500040F0200060650120F4E7BAF1000F09D0CD
:102F6000616D4FF0010941F020006065484684F82A
:102F70005060E7E720684146884201D0A84201D16D
:102F8000264800E0264840F61F72D7F800C0254BBF
:102F9000BCF1000F23D0D0F808C0D7F804802CF47F
:102FA000404C4CEA080CC0F808C0D4F800C08C456E
:102FB00001D0AC4507D18968AB6801F0010103F08D
:102FC0000103194302E0996801F001010029CDD104
:102FD000BD683968836829439343194317E08768BC
:102FE00027F44047876027688F4201D0AF4207D15E
:102FF0008968AB6801F0010103F00103194302E0A5
:10300000996801F001010029B0D181689143816084
:10301000ACE70000002002400021024000230240F3
:1030200000630258006002582DE9F84F0446EB4E49
:103030000020DFF8ACB30090002794F850000D4654
:10304000DFF8A0A3012808D04FF0010984F85090C0
:10305000206805F06BF818B171E10220BDE8F88F27
:10306000286800280EDB21680303CA6928D090FA7B
:10307000A0F0B0FA80F000BF00F01F0309FA03F0DF
:103080000243CA61D5E900124FF00C0C20681F23DF
:10309000C1F384610CEA921C02F01F026044934069
:1030A0009140026B9A430A430263206805F03EF8A0
:1030B0008046206805F036F858EA000003D08DE01D
:1030C000C0F38460D8E72A68042320684FF0070C17
:1030D000A96803EAD25318444369C2F304520CFAB4
:1030E00002FC914023EA0C030B434361BE4909688B
:1030F000B9EB117F06D121686869C968C1F3820103
:10310000490008E02068C168C906C1686869F5D54A
:1031100001F0100149088840296904292ED023684C
:103120002A6803EB810102F0F8420B6E024303F0C0
:10313000004010430866697E22682869012917D07B
:103140005FF0000102EB8000026E22F000420A43B1
:103150000266297E20682A6901290CD000210369B2
:1031600002F01F02914023F4F0420A43026135E06D
:103170004FF00041E6E74FF40061F0E7206829785E
:10318000026E02F0F842B2EB816F03D1016E21F0C2
:103190000041016620682978426E02F0F842B2EBE5
:1031A000816F03D1416E21F000414166206829788A
:1031B000826E02F0F842B2EB816F03D1816E21F092
:1031C0000041816620682978C26E02F0F842B2EBB5
:1031D000816F03D1C16E21F00041C1662068816812
:1031E00011F0010F72D150F8C03F2A7BDFF8FCC10B
:1031F000296802F018022CFA02FCC1F3130823EA32
:1032000008030CEA010C43EA0C030360E968594522
:103210006CD177482268DFF8DCC1DFF8DCB182428C
:10322000DFF8D8E17648774BDFF8DC8122D12968D6
:10323000614524D0B1EB4C0C38D0A1F1496CBCF104
:10324000080C35D0A1F1865CBCF1100C32D0DFF84F
:10325000BCC1614528D071453AD0814230D09942F5
:1032600032D06B48814201D16A4831E041452ED1CC
:1032700069482DE0B2422AD12968614501D1012077
:1032800026E0A1F1066CBCF1040C0FD0A1F1496C51
:10329000BCF1080C0CD0A1F1865CBCF1100C09D07B
:1032A000DFF868C1614507D15C4811E058460FE07E
:1032B0005B480DE05B480BE0714509D0814201D1CC
:1032C000184605E09942D1D1574801E03CE0002082
:1032D000D16903031AD090FAA0F0B0FA80F000BFD1
:1032E00000F01F0309FA03F00143D161D5F800C0D3
:1032F000BCF1000F28DA3E4B20684C49DFF83091D2
:10330000984201D0B04203D10A4602E0800EE7E7BE
:103310004A469268984202F0E07201D0B04209D168
:103320009D68D6F8088005F0010508F0010845EA17
:10333000080503E0DAF8085005F001054DB1606DAD
:10334000012740F020006065002084F850003846D6
:1033500084E6384DAC451CD115021AD45045F3D142
:10336000984202D0B04200D049468B6842F4000037
:1033700023F0E07202438A6030492F480968B1FBAC
:10338000F0F04000801C00E0401E00900028FBD1BF
:10339000DAE72B4DAC450CD1D5010AD45045D3D139
:1033A000984202D0B04200D049468B6842F080700B
:1033B0000EE0244DAC45C7D15502C5D45045C3D10C
:1033C000984202D0B04200D049468B6842F4800057
:1033D00023F0E07202438A60B6E700000021024059
:1033E0000000FF47006002580010005CFFFF0F0064
:1033F0000020024002003004400020190004002A8E
:103400000008302E001060320000844B2000F014C1
:1034100000002143000052470000B84F0002B025D1
:103420008000501D000180210020903600230240C2
:1034300000630258000084CB400D030010000024FC
:10344000000052C70000B8CF0449884205D10448A3
:103450000068002801D008F029BA70470401002450
:10346000B4000024704700000349884203D1034898
:103470000168491C0160704704010024FC0000241D
:10348000406D70472DE9F05F0446006806684568A6
:10349000DFF87082DFF870B2DFF87092404501D03B
:1034A000484501D1584600E09948806800F01F0760
:1034B000B0070ED5A8070CD5606DC00603D4606DAB
:1034C00040F4006060652046FFF714FD216802208B
:1034D0000860700701D5680703D4300737D528077F
:1034E00035D5606DC00603D4606D40F40070606532
:1034F000206804F023FE20B32068484501D14246ED
:1035000000E00246824208D03FB1052F05D0092FC6
:1035100003D0484503D1414602E0C16801E00146BD
:10352000C96889040DD4016809070AD504F0FEFDB5
:1035300058B3606D40F010006065A06D40F0010070
:10354000A0652046FFF780FF21680C200860B006C8
:1035500001D5A80603D4700658D5680656D5606D07
:10356000C00603D4606D40F4005060652068C16CF3
:1035700011F4C07F1AD000218A4604F0DFFD024614
:103580002068484514D1434613E02068416821F083
:103590000C014160606D20F480706065606DC00456
:1035A000CFD4606D40F001006065CAE70121E3E718
:1035B0000346834208D03FB1062F05D0072F03D022
:1035C000484503D1414602E0C16801E00146C968AF
:1035D000BAF1000F14D08B0102D58AB18A040FD43E
:1035E000026852060CD589020AD404F09BFDE8B3A8
:1035F000606D40F010006065A06D40F00100A065B6
:103600002046FFF778FC21686020086030060BD563
:10361000280609D5606D40F480306065204600F0D2
:103620008DF9216880200860F0050CD5E8050AD5E1
:10363000606D40F4003060652046FFF75EFC216855
:103640004FF480700860B0050CD5A8050AD5606DF0
:1036500040F4802060652046FFF750FC21684FF45D
:1036600000700860F00631D5E80600E00AE02DD5CC
:10367000206BE8B12068EFB3404501D0484512D136
:10368000584611E02068416821F060014160606D9A
:1036900020F480506065606DC005B1D4606D40F06D
:1036A00001006065ACE71A48806800F4404050B102
:1036B000606D40F480606065A06D40F00200A06520
:1036C0002046FFF7D1FE216810200860700517D54D
:1036D000680515D5616D4FF4806041F480416165E6
:1036E000A16D41F00801A165216808602046BDE890
:1036F000F05F00E001E0FFF7FFBBC0688007D6E79E
:10370000BDE8F09F0020024000230240002102405B
:1037100000630258F8B54FF00006040035460096E5
:1037200002D0606D10B107E00120F8BD204600F026
:1037300007F9A66584F8506020688168C1F340717C
:1037400019B18168704A1140816020688168C1F3B5
:10375000007181B981686D4A114041F080518160EA
:103760006C496B480968B1FBF0F0401C00E0401E5A
:1037700000900028FBD120688168C1F3007141B935
:10378000616D012541F010016165A16D41F00101FC
:10379000A16504F0CBFC616DC90600D420B1606D59
:1037A000012540F0100093E0606D20F4807040F03F
:1037B000020060652068816811F0010F1FD1564A30
:1037C000564B904201D0984207D191689E6801F013
:1037D000010106F00106314303E05149896801F017
:1037E000010161B9904201D0984201D14D4800E0F9
:1037F0004D488268616822F47C120A43826001F0BD
:1038000093FC41F20301884202D9A06810280CD031
:10381000617D227FA368206B490341EA024118437E
:103820000843217F01290CD010E0607D227F216BAD
:10383000400340EA024241F01000104340F00C0007
:10384000EFE7218C394A02EB41410843616A29B113
:10385000A26A01F47871014342EA01002168344B05
:10386000CA681A400243CA60206804F05FFC06463A
:10387000206804F057FC30431DD1216844F2030353
:10388000267DE26AC86842EA863298431043C860DF
:1038900094F8380001281ED02068016921F0010148
:1038A00001612068626B016921F07041114301617F
:1038B0002046FEF7CBFBE068012820681CD0016B96
:1038C00021F00F010163606D20F0020040F0010063
:1038D00060652846F8BD2068A28F164FD4E9101CF9
:1038E000154E07EB0247A36C026941EA0C013B430A
:1038F000324019431143D3E7A269016B521E21F0F4
:103900000F011143DEE70000C0FFFF5FC0FFFF7F34
:10391000400D03001000002400200240002102405E
:103920000060025800230240006302580000FEFFBE
:1039300003C0F0FF0100FFFF1EF800FC704700000D
:10394000F0B5B7B00646142130A8FDF726F8C0211F
:103950006846FDF722F834493068884262D1022077
:103960004FF0200C0D240022CDE90340C0272992FE
:1039700005900123CDE908C2CDE906074FF40021E7
:1039800015468DE80E00684602F072F908B1FFF79F
:10399000A0FA2648016841F020010160006823492F
:1039A00000F0200035900831086840F00100086000
:1039B000086800F001003590086840F004000860D5
:1039C000086830A9032400F004003590402081E805
:1039D0003100174801F08CFA30A9102081E831003D
:1039E000144801F085FA144C09211448021584E8A2
:1039F0002300C3146361D7002046C4E90352C4E91D
:103A000006752562656200F043FF08B1FFF761FAB1
:103A1000F46400220521A663122001F06FFD12203C
:103A200001F05EFD37B0F0BD00200240D8440258DE
:103A3000000002580008025868010024700002408B
:103A40002DE9F047384E044600689146DFF8DC80E7
:103A50008A46B04201D0404501D1354900E03549A0
:103A6000896801F01F0504F061FB002859D194F822
:103A70005000012855D001204FF0000784F8500075
:103A800025B1052D02D0092D00D003E02046FEF718
:103A900051FC18B184F85070BDE8F087616D40F6B4
:103AA000016320689943404541F48071616500D00D
:103AB0000646864200D01DB9606D20F48010606516
:103AC000606DC00404D5A06D20F00600A06500E084
:103AD000A7651C20E16C184ACA63E26C174911649F
:103AE000E26C1749D1642168086084F8507020683E
:103AF000416841F0100141602068E16AC26822F02B
:103B000003020A43C26021684B46E06C52464031D2
:103B100001F0A0F821680B4B8A681A40121D8A60D8
:103B2000BAE70220B8E7000000200240002102406E
:103B3000002302400063025839220008BB2200081B
:103B4000A1220008C0FFFF7F70B5044690F8500026
:103B5000012809D0012084F8500003212046FEF7F7
:103B6000F9FA050002D027E0022070BD2068C16884
:103B700021F00301C160E06C90F83510022907D1F3
:103B800000F020F8050003D0606D40F04000606553
:103B90002068416821F010014160204615B1FEF710
:103BA00091FB09E0FEF78EFB050005D1606D20F466
:103BB000885040F001006065002084F850002846DD
:103BC00070BD00002DE9F84F044601F0B3FA0090F3
:103BD0003CB194F83500022806D0802161650020B0
:103BE000E4E00120BDE8F88FC74DC74EC64918353F
:103BF00020683036DFF81483DFF814938842DFF84A
:103C000014A3DFF814B32ED0A8422CD0B0422AD08F
:103C1000404528D0484526D0504524D0584522D08C
:103C2000BD4A183290421ED0BC4A90421BD0BB4ABB
:103C30001832904217D0B94A3032904213D0B74A66
:103C4000483290420FD0B54A603290420BD0B34A0E
:103C50007832904207D0B14A9032904203D0AF4AB6
:103C6000A832904209D1026822F01E020260206848
:103C7000426922F08002426103E0026822F00E02F3
:103C8000026027688F4238464DD0A8424BD0B042E0
:103C900049D0404547D0484545D0504543D0584588
:103CA00041D09D4A183290423DD09C4A90423AD031
:103CB0009A4A1832904236D0984A3032904232D0E6
:103CC000964A483290422ED0944A603290422AD08E
:103CD000924A7832904226D0904A9032904222D036
:103CE0008E4AA83290421ED08D4A90421BD08C4AF8
:103CF0001432904217D08A4A2832904213D0884A10
:103D00003C3290420FD0864A503290420BD0844AC7
:103D10006432904207D0824A7832904203D0804A7F
:103D20008C32974204D1206E026822F480720260C5
:103D300075492068884228D0A84226D0B04224D0B5
:103D4000404522D0484520D050451ED058451CD073
:103D500071491831884218D07049884215D06F498E
:103D60001831884211D06D49303188420DD06B49ED
:103D70004831884209D069496031884205D0674995
:103D80007831884201D065499031016821F0010104
:103D900001600EE001F0CEF90099401A052808D91B
:103DA000202262650321002084F8351084F8340055
:103DB00017E73868C007EDD1534A012120689042C7
:103DC0002ED0A8422CD0B0422AD0404528D0484519
:103DD00026D0504524D0584522D04F4B1833984216
:103DE0001ED04E4B98421BD04C4B1833984217D0E4
:103DF0004A4B3033984213D0484B483398420FD047
:103E0000464B603398420BD0444B7833984207D0EE
:103E1000424B9033984203D0404BA833984208D18C
:103E200094F85C703F23A06D07F01F07BB408360D0
:103E300007E094F85C30A06D03F01F0301FA03F370
:103E40004360206890424DD0A8424BD0B04249D048
:103E5000404547D0484545D0504543D0584541D0CE
:103E60002D4A183290423DD02C4A90423AD02B4AEB
:103E70001832904236D0294A3032904232D0274A06
:103E8000483290422ED0254A603290422AD0234AAE
:103E90007832904226D0214A9032904222D01F4A56
:103EA000A83290421ED01E4A90421BD01C4A1432A7
:103EB000904217D01A4A2832904213D0184A3C3206
:103EC00090420FD0164A503290420BD0144A6432BE
:103ED000904207D0124A7832904203D0104A8C3276
:103EE00090420BD1D4E919024260E06E30B1026811
:103EF00022F480720260D4E91C024260002084F83F
:103F0000351084F834006DE610000240580002407D
:103F10007000024088000240A000024010040240ED
:103F2000085402582DE9F05F28B190F835100229A5
:103F300004D0802141650120BDE8F09F904C904B5A
:103F40000168183C18338E4ADFF83C92A1428D4C30
:103F5000DFF838E28E4FDFF83CB2DFF83CA28F4D3D
:103F60008F4E31D091422FD099422DD0A1422BD0EB
:103F7000494529D0714527D0B94225D0DFF810C274
:103F80000CF1180C61451FD0DFF808C2ACF1600CD1
:103F9000614519D0DFF8FCC1ACF1480C614513D084
:103FA000DFF8F0C1ACF1300C61450DD0DFF8E4C1B1
:103FB000ACF1180C614507D0594505D0514503D0E7
:103FC000A94201D0B1422CD1DFF8B4C14FF00408AE
:103FD00080F83580ACF1180C61451DD091421BD0A2
:103FE000994219D0A14217D0494515D0714513D037
:103FF000B94211D06648183081420DD0654860380A
:10400000814209D063484838814205D06148303840
:10401000814201D05F481838086820F0010008602C
:10402000ABE0D1F800C02CF00E08DFF854C1C1F8A5
:104030000080ACF1180C0168614527D0914225D071
:10404000994223D0A14221D049451FD071451DD0AE
:10405000B9421BD0DFF838C10CF1180C614515D0FE
:10406000DFF830C1ACF1600C61450FD0DFF824C13E
:10407000ACF1480C614509D0DFF818C1ACF1300C47
:10408000614503D0DFF80CC1ACF1180CD1F800C0C9
:104090002CF0010CC1F800C0DFF8E4804FF0010CF7
:1040A0000168A8F11808414546D0914244D0994290
:1040B00042D0A14240D049453ED071453CD0B942A2
:1040C0003AD0334A1832914236D0324A603A91425D
:1040D00032D0304A483A91422ED02E4A303A91425C
:1040E0002AD02C4A183A914226D0594524D051451D
:1040F00022D0A94220D0B1421ED02A4A91421BD0E0
:10410000284A1432914217D0264A2832914213D0BD
:10411000244A3C3291420FD0224A503291420BD075
:10412000204A6432914207D01E4A7832914203D02D
:104130001C4A8C32914218D1016E0A6822F48072B6
:104140000A6090F85C20816D02F01F020CFA02F206
:104150004A60D0E919124A60C16E31B10A6822F48E
:1041600080720A60D0E91C124A600022016D80F85A
:1041700035C080F8342001B188470020DCE600001B
:1041800028000240580002407000024088000240AF
:10419000A00002407004024088040240A0040240D3
:1041A000B8040240085402582DE9FC5F0446F74E5B
:1041B0000020DFF8D88300904FF41652F44808F13D
:1041C0001808A56DDFF8C493DFF8C0A3016809F1F2
:1041D000300920680AF1480AB1FBF2F1B0420191BE
:1041E0002F68D5F800C0DFF8ACB335D0414688421F
:1041F00032D0484530D050452ED058452CD0E549D6
:104200001831884228D0E3493031884224D0E1492E
:104210004831884220D0E04988421DD0DE4918311B
:10422000884219D0DC493031884215D0DA4948310A
:10423000884211D0DFF860E30EF1600E70450BD0BC
:10424000D54A7832904207D0D34B9033984203D06E
:10425000D149A83188427DD194F85C20082102F030
:104260001F0201FA02F23A424AD0B04232D040452F
:1042700030D048452ED050452CD058452AD0C54A7C
:104280001832904226D0C34A3032904222D0C14ADE
:10429000483290421ED0C04A90421BD0BE4A1832CB
:1042A000904217D0BC4A3032904213D0BA4A4832BA
:1042B00090420FD0B84A603290420BD0B64A783262
:1042C000904207D0B44A9032904203D0B24AA8320A
:1042D000904203D1026802F0040202E0026802F098
:1042E00008026AB1026822F00402026094F85C00DD
:1042F00000F01F008140A960606D40F00100606522
:1043000094F85C00012100F01F008140394240D048
:104310002068B04234D0404532D0484530D0504576
:104320002ED058452CD09B4A1832904228D0994A1A
:104330003032904224D0974A4832904220D0964A58
:1043400090421DD0944A1832904219D0924A30328D
:10435000904200E0AFE113D08F4A483290420FD034
:104360008D4A603290420BD08B4A7832904207D00F
:10437000894A9032904203D0874AA83290427DD138
:10438000406910F0800F04D0A960606D40F0020019
:10439000606594F85C00042100F01F008140394200
:1043A0003ED02068B04232D0404530D048452ED073
:1043B00050452CD058452AD0764A1832904226D003
:1043C000744A3032904222D0724A483290421ED013
:1043D000714A90421BD0704A1832904217D06E4AF0
:1043E0003032904213D06C4A483290420FD06A4A21
:1043F000603290420BD0684A7832904207D0664AC9
:104400009032904203D0644AA83290424ED1006864
:1044100010F0020F04D0A960606D40F004006065E8
:1044200094F85C00102100F01F008140394258D000
:104430002068B04234D0404532D0484530D0504555
:104440002ED058452CD0534A1832904228D0514A89
:104450003032904224D04F4A4832904220D04E4AC7
:1044600090421DD04C4A1832904219D04A4A3032FC
:10447000904215D0484A4832904200E014E00FD0F4
:10448000454A603290420BD0434A7832904207D07E
:10449000414A9032904203D03F4AA832904207D11D
:1044A000006800F0080006E0006872E70068B7E7FF
:1044B000006800F00400A0B1A96020680168490309
:1044C00004D50068000308D5A16C07E00168C905A0
:1044D00003D4016821F008010160216C09B1204674
:1044E000884794F85C00202100F01F008140394289
:1044F00079D02068B04232D0404530D048452ED0E7
:1045000050452CD058452AD0224A1832904226D005
:10451000204A3032904222D01E4A483290421ED069
:104520001D4A90421BD01C4A1832904217D01A4A9A
:104530003032904213D0184A483290420FD0164A77
:10454000603290420BD0144A7832904207D0124A1F
:104550009032904203D0104AA832904203D10068B2
:1045600000F0100002E0006800F00200B0B3A960A3
:1045700094F835000428206801680FD049037ED5DF
:10458000006800032BD4616C2AE000001000024098
:1045900010000024700002401004024021F01601B7
:1045A00001602068416921F080014161206C08B9F7
:1045B000A06C20B12068016821F00801016094F826
:1045C0005C303F21012003F01F0300229940A960C5
:1045D00084F8350084F83420216D65E003E0E16B58
:1045E00009B120468847606D00287DD0606DC00706
:1045F00059D02068042184F83510B0422BD04045B2
:1046000029D0484527D0504525D0584523D09D492D
:10461000884220D09B49183188421CD099493031BA
:10462000884218D09849884215D097491831884255
:1046300011D09549303188420DD093494831884294
:1046400009D091496031884205D08F49783188423C
:1046500001D08D499031016821F00101016020688D
:104660000099019A491C0091914202D80168C9073A
:10467000F6D10068C00710D003200FE0FFE7016803
:10468000C905ACD403680121002223F010030360A4
:1046900084F8351084F83420A1E7012084F835002F
:1046A000002084F83400E16C00291DD002B02046BF
:1046B000BDE8F05F0847754988421DD07349143141
:1046C000884219D071492831884215D06F493C3150
:1046D000884211D06D49503188420DD06B49643108
:1046E000884209D0694900E084E07831884203D0EB
:1046F00066498C3188427DD194F85C80042701683A
:1047000008F01F0807FA08F717EA0C0F009746D0C1
:104710004F0744D500980F04686003D5C8033CD404
:10472000A16CC1E7880638D42068B0422DD0554925
:104730006039884229D0484527D0504525D0584572
:1047400023D05049884220D04E49183188421CD08D
:104750004C493031884218D04B49884215D04A49DB
:104760001831884211D04849303188420DD046492D
:104770004831884209D0704507D0904205D0984210
:1047800003D04149A831884203D1016821F00801D2
:1047900002E0016821F004010160216C84E7022736
:1047A00007FA08F717EA0C0F00974ED08F074CD581
:1047B00000980F04686003D5C80344D4616C73E7A4
:1047C000880640D42068B0422FD02E4960398842F4
:1047D0002BD0484529D0504527D0584525D02949C8
:1047E000884222D02749183188421ED025493031CD
:1047F000884200E044E018D02349884215D022497D
:104800001831884211D02049303188420DD01E49DC
:104810004831884209D0704507D0904205D098426F
:1048200003D01949A831884203D1016821F014014D
:1048300002E0016821F00A010160012184F83510CD
:10484000002084F83400E16B2EE7082202FA08F217
:1048500012EA0C0F14D0090712D5016821F00E01DD
:10486000016094F85C100120002201F01F0100FAA1
:1048700001F16960606584F8350084F8342012E73E
:10488000BDE8FC9F88000240100402400854025812
:104890002DE9F05F044600F04DFC002C07467DD06A
:1048A000E34E022120684FF00308DFF888934FF0B1
:1048B0000005DFF884A3B042DFF880B334D0DC4ACF
:1048C0001832904230D048452ED050452CD0584513
:1048D0002AD0DA4A1832904226D0D84A3032904252
:1048E00022D0D64A483290421ED0D54A90421BD0A0
:1048F000D34A1832904217D0D14A3032904213D066
:10490000CF4A483290420FD0CD4A603290420BD00D
:10491000CB4A7832904207D0C94A9032904203D0B5
:10492000C74AA83290427DD184F83510B04284F84D
:1049300034502ED0BE49183188422AD0484528D05C
:10494000504526D0584524D0BC491831884220D043
:10495000BA49303188421CD0B8494831884218D011
:10496000B749884215D0B6491831884211D0B449A8
:10497000303188420DD0B2494831884209D0B0491F
:104980006031884205D0AE497831884201D0AC49C7
:104990009031016821F00101016008E027E100BFCA
:1049A00000F0C8FBC01B052801D920211CE12068AC
:1049B0000068C007F4D104F108002168D4E9053C7F
:1049C0008E4685C809681043D4E907281F43636AE7
:1049D00038439C4F40EA0C001043394040EA08003D
:1049E000042B40EA010003D1D4E90B121143084320
:1049F000954909686FF30F01B1F1005F0FD361684A
:104A0000A1F12902052A08D9163A032A05D9083A3C
:104A1000012A02D94F39032901D840F48010CEF879
:104A2000000000E023E02068676A4069042F20F05E
:104A3000070047EA00070DD1D4E90A01074349B14D
:104A40002046FEF70BF928B140206065012184F86B
:104A50003510CCE0206847612046FEF71DF894F839
:104A60005C203F2102F01F029140816054E0774AB0
:104A700090421BD0754B1433984217D0734B283398
:104A8000984213D0714B3C3398420FD06F4B503348
:104A900098420BD06D4B6433984207D06B4B783300
:104AA000984203D0694B8C3398427DD184F83510FD
:104AB00084F83450664B0168A26801EA030E402A6C
:104AC00073D0802A72D00022D4E90378D4E905316A
:104AD00042EAD70242EAD8085C4AD4E9077C48EAAD
:104AE000D30848EAD10141EAD701524241EA1C11F8
:104AF000142341EA0E01016020681044B0FBF3F07A
:104B00008000E0652046FDF7C7FF94F85C20012196
:104B100002F01F02914041602068B04257D04449E2
:104B20001831884253D0484551D050454FD0584550
:104B30004DD042491831884249D0404930318842ED
:104B400045D03E494831884241D03D4988423ED017
:104B50003B49183188423AD039493031884236D001
:104B600037494831884232D03549603188422ED0A9
:104B70003349783188422AD031499031884226D051
:104B80002F49A831884222D0304988421FD02F496E
:104B9000143188421BD02D492831884217D02B4927
:104BA0003C31884213D002E01DE017E018E02749AD
:104BB000503188420BD025496431884207D02349BF
:104BC0007831884203D021498C31884229D120464E
:104BD000FDF7BCFFA06880280CD00CE0102273E722
:104BE0004FF4804270E74021616584F835800120F0
:104BF000BDE8F09F6560216E20790860D4E9190155
:104C000041606068401E072808D82046FDF7ECFF89
:104C1000E06E0560D4E91C01416002E0E5662567AD
:104C200065670120656584F835000020E0E7000035
:104C30001000024040000240580002407000024054
:104C4000100402403F8010FE0010005C085402581F
:104C50000F00FEFF2DE9F84F04008C464FF00000D6
:104C6000009014D094F83400012812D094F83550F4
:104C70000120002184F83400012D0CD0C0026065B1
:104C80000120009084F834100098BDE8F88F0120CE
:104C9000FBE70220F9E78C4D0226206884F8356096
:104CA000A8428A4D61658A4E8A4FDFF82C82DFF870
:104CB0002C92DFF82CA2DFF82CB226D0A84224D008
:104CC000B04222D0B84220D040451ED048451CD02A
:104CD00050451AD0584518D08349884215D082498A
:104CE0001831884211D08049303188420DD07E4938
:104CF0004831884209D07C496031884205D07A49E0
:104D00007831884201D078499031016821F0010161
:104D1000016061462046FDF7CBFF6B492068884261
:104D20002CD0A8422AD0B04228D0B84226D0404544
:104D300024D0484522D0504520D058451ED06A4A3C
:104D400090421BD0684A1832904217D0664A3032DF
:104D5000904213D0644A483290420FD0624A603287
:104D600090420BD0604A7832904207D05E4A90322F
:104D7000904203D05C4AA83290420CD1026822F0E3
:104D80001E0242F016020260206C88B120680268A0
:104D900042F008020BE0026822F00E0242F00A0222
:104DA0000260206C20B12068026842F004020260B8
:104DB000206888424BD0A84249D0B04247D0B84280
:104DC00045D0404543D0484541D050453FD0584557
:104DD0003DD0454A90423AD0434A1832904236D0AC
:104DE000414A3032904232D03F4A483290422ED02F
:104DF0003D4A603290422AD03B4A7832904226D0D7
:104E0000394A9032904222D0374AA83290421ED07E
:104E1000364A90421BD0354A1432904217D0334A5A
:104E20002832904213D0314A3C3290420FD02F4A60
:104E3000503290420BD02D4A6432904207D02B4A18
:104E40007832904203D0294A8C3290420DD1206EA4
:104E50000268D20303D5026842F480720260E06EF9
:104E600018B1026842F4807202602068884226D03D
:104E7000A84224D0B04222D0B84220D040451ED013
:104E800048451CD050451AD0584518D0164988427C
:104E900015D015491831884211D013493031884254
:104EA0000DD011494831884209D00F4960318842FC
:104EB00005D00D497831884201D00B499031016805
:104EC00041F001010160DFE61000024028000240CD
:104ED000400002405800024070000240880002403A
:104EE000A0000240B80002401004024008540258DA
:104EF0002DE9F84F03247D4D00234FF001094FF0B9
:104F0000B04B4FF00F0AE9E009FA03F73A4076D0C8
:104F10000E7906F00306012E01D0022E18D1D0F82A
:104F200008C04FEA430ECE6804FA0EF82CEA080CCB
:104F300006FA0EF646EA0C068660D0F804C00E7932
:104F40002CEA070CC6F300169E4046EA0C064660A3
:104F50000E79F643B6070BD0C6684FEA43088F6850
:104F600004FA08FC26EA0C0607FA08F73743C7607C
:104F70000E7906F00306022E12D1DE080F694FEA01
:104F8000437C00EB8606B646366A4FEADC6C0AFACA
:104F90000CF807FA0CF726EA08063743CEF820701B
:104FA0000F7906684FEA430807F0030704FA08FC84
:104FB00007FA08F726EA0C06374307604E6816F42E
:104FC000403F1CD04A4E376847F0020737603668CA
:104FD0009F0706F00206009623F0030606F1B0468E
:104FE000B6463F0FD6F80864DFF808810AFA07FCD6
:104FF000404526EA0C0603D14FF0000C41E06CE07E
:10500000DFF8F4C0604502D14FF0010C39E0DFF861
:10501000ECC0604502D14FF0020C32E0DFF8E0C096
:10502000604502D14FF0030C2BE0DFF8D8C060459B
:1050300002D14FF0040C24E0DFF8CCC0604502D16F
:105040004FF0050C1DE0DFF8C4C0604502D14FF001
:10505000060C16E0DFF8B8C0604502D14FF0070C2F
:105060000FE0DFF8B0C0604502D14FF0080C08E057
:10507000DFF8A4C0604502D14FF0090C01E04FF009
:105080000A0C0CFA07FC4CEA060CCEF808C44F6870
:10509000DBF80060FF0226EA020600D516435F46F1
:1050A000CBF80060D1F804C0DBF804605FEA8C2C18
:1050B00026EA020600D516437E606E684F6826EA2F
:1050C0000206BF0300D516436E602E684F6826EABD
:1050D0000206FF0300D516432E605B1C0A6832FAF5
:1050E00003F67FF411AFBDE8F88F00008000005890
:1050F000F444025800000258000402580008025804
:10510000000C0258001002580014025800180258EF
:10511000001C025800200258002402580AB1816184
:1051200070470904FBE7000001480068000C704765
:105130000010005C014880687047000004000024F3
:1051400030B590F84120202A24D190F84020012A3F
:1051500020D0012380F84030242280F841202023F1
:1051600000240268156825F00105156002681568BD
:1051700025F480551560026815680D4315600168B7
:105180000A6842F001020A6080F8413080F840402D
:10519000002030BD022030BD30B590F84120202ADB
:1051A00022D190F84020012A1ED0012380F84030FF
:1051B000242280F84120202400250268136823F06F
:1051C000010313600268136823F4706343EA01214A
:1051D000116001680A6842F001020A6080F84140EB
:1051E00080F84050002030BD022030BD70B5040072
:1051F00004D094F84100002510B106E0012070BDF4
:10520000204684F8405000F051F8242084F84100F2
:105210002068016821F001010160D4E9001020F04C
:10522000706008612068816821F400418160E06855
:1052300021680128A06830D040F404408860E0680C
:105240000228206841682BD021F400614160206869
:105250002021154A4368134343602068C26822F442
:105260000042C26054F8106B0DCC104340EA03209A
:10527000F06054F81C3CD4E900021043186054F864
:105280001C0D026842F001020260656484F841105E
:10529000256384F84250002070BD40F40040CDE703
:1052A00041F40061D2E700000080000210B5B6B002
:1052B0000446142130A8FBF770FBC0216846FBF7B9
:1052C0006CFB1849206888422AD1002021900821CF
:1052D0000446CDE90010684600F0CAFC08B1FDF7AD
:1052E000F8FD1148016841F002010160006830AB2F
:1052F000122100F002003590C020042283E8130040
:105300000A4830A9CDE93342FFF7F2FD06480830DC
:10531000016841F400110160006800F4001035904C
:1053200036B010BD00540040E0440258000402585A
:1053300002488168027811448160704704000024AB
:10534000032010B500F0FAF801F00AFB0F4A1049EB
:1053500014681368C4F3032203F00F038A5CC95C6A
:1053600002F01F0201F01F01D0400A4A20FA01F1A9
:105370001160094908600F2000F010F808B1012001
:1053800010BD00F09BF8002010BD0000184402582A
:1053900058DB0008140000241000002410B5102869
:1053A00004468AB02AD200220146762000F0A6F8F0
:1053B000762000F095F8154804601548016841F41E
:1053C00080210160006808A900F4802009906846E7
:1053D00001F052FA01F0B2FA0E49400000220E4CE0
:1053E000B0FBF1F10D4840F2E7330460C0E903324D
:1053F000491EC0E9011201F096FF10B101200AB068
:1054000010BD064801F0C2FFF9E7000008000024C3
:10541000F044025840420F00004801406807002451
:10542000154BF0B5083B427813491A600B680A1F08
:1054300023F001030B6043681360057BC67A827A10
:10544000437B2D07847B45EA0665C77B90F809C03E
:10545000067A90F800E045EAC24040EA834040EA1C
:10546000444040EA074040EA0C2040EA460040EA57
:105470000E000860F0BD0000A0ED00E0BFF35F8FFC
:10548000044800210368034A23F480330360703228
:105490001160704724ED00E0074A40F00100064922
:1054A00070321060086840F480300860BFF34F8F9E
:1054B000BFF36F8F7047000024ED00E0074882B013
:1054C000016841F002010160006800220F2100F034
:1054D00002000090901E02B000F010B8F444025890
:1054E000002809DB410900F01F028900012001F1B9
:1054F000E0219040C1F80001704700000E4BF0B46D
:105500001B680D46C3F30223C3F10706042E00D91E
:105510000426191D072901D2002300E0DB1E012407
:1055200004FA06F19C40491E2940641E994014402B
:105530002143F0BC04F09ABB0CED00E0064900F0FA
:10554000070210B54FF6FF040868044B204040EAFC
:1055500002201843086010BD0CED00E00000FA05C1
:10556000134970B50A68D243520705D5096801F09E
:105570000701814213D118E00A6822F007020243B2
:105580000A60FFF7D7FD0A4D4FF47A760446083DCE
:1055900007E000BFFFF7CEFD001BB04201D901209C
:1055A00070BD2868C0438004F4D4002070BD0000A2
:1055B0000C48025810B501F08DF905490968054AF3
:1055C000C1F30211515C01F01F01C84010BD000081
:1055D0002044025858DB00084A4930B5494C0B1D9D
:1055E0000A680C3409681D68246802F0030305F09A
:1055F0000102C1F30511C4F3CC04002914FB02F22B
:1056000000EE102AF8EE400A76D0414A9FED3E1A8D
:10561000DFED3E1AB7EE000A23B1012B5AD0022B60
:1056200018D15CE0374C283C23689B0612D5394BD7
:10563000246801EE901A1168C4F3C104F8EE612ADF
:10564000E34001EE903AC1F30801F8EE611A81EEF1
:10565000A22A07E002EE101A1168F8EE422A81EE43
:10566000A22A45E001EE901A1168F8EE611A40EEA8
:10567000811A71EE800A62EE200AC1F3462101EE22
:10568000101AB8EE411A31EE001AC0EE811ABCEEC3
:10569000E11A80ED001A1168C1F3064101EE101AFB
:1056A000B8EE411A31EE001AC0EE811ABCEEE11AD2
:1056B00080ED011A1168C1F3066101EE101AB8EE0F
:1056C000411A31EE000A80EE801ABCEEC10A80ED6C
:1056D000020A30BD01EE901ADFED0F2A03E001EE61
:1056E000901ADFED0E2A1168F8EE611A82EEA12AF7
:1056F000C1F30801B6E7FFE7002101604160816066
:1057000030BD000028440258000000390024744CC9
:10571000304402580090D0030024744A001B374BD9
:10572000494930B5484C0B1D0A68143409681D6896
:10573000246802F00303C5F30012C1F30531C4F37A
:10574000CC04002914FB02F200EE102AF8EE400A05
:1057500075D03F4A9FED3D1AB7EE000A6BB1DFED01
:105760003D1A012B01D0022B64D002EE101A1168F1
:10577000F8EE422A81EEA22A21E0334C283C23682D
:105780009B0612D5344B246801EE901A1168C4F3BD
:10579000C104F8EE612AE34001EE903AC1F308013A
:1057A000F8EE611A81EEA22A0BE001EE901ADFED0D
:1057B0002B2A00BFF8EE611A116882EEA12AC1F30C
:1057C000080101EE901A1168F8EE611A40EE811A94
:1057D00071EE800A62EE200AC1F3462101EE101A32
:1057E000B8EE411A31EE001AC0EE811ABCEEE11A91
:1057F00080ED001A1168C1F3064101EE101AB8EEEF
:10580000411A31EE001AC0EE811ABCEEE11A80EDA9
:10581000011A1168C1F3066101EE101AB8EE411ABF
:1058200031EE000A80EE801ABCEEC10A80ED020A59
:1058300030BD04E001EE901ADFED092ABAE700213D
:10584000016041608160F3E728440258000000399C
:10585000384402580024744A0090D0030024744C49
:10586000001B374B494930B5484C0B1D0A681C34A6
:1058700009681D68246802F00303C5F30022C1F320
:105880000551C4F3CC04002914FB02F200EE102AE7
:10589000F8EE400A75D03F4A9FED3D1AB7EE000A78
:1058A0006BB1DFED3D1A012B01D0022B64D002EE6B
:1058B000101A1168F8EE422A81EEA22A21E0334C38
:1058C000283C23689B0612D5344B246801EE901ABD
:1058D0001168C4F3C104F8EE612AE34001EE903A86
:1058E000C1F30801F8EE611A81EEA22A0BE001EE85
:1058F000901ADFED2B2A00BFF8EE611A116882EED4
:10590000A12AC1F3080101EE901A1168F8EE611A9C
:1059100040EE811A71EE800A62EE200AC1F3462140
:1059200001EE101AB8EE411A31EE001AC0EE811ADB
:10593000BCEEE11A80ED001A1168C1F3064101EED8
:10594000101AB8EE411A31EE001AC0EE811ABCEE00
:10595000E11A80ED011A1168C1F3066101EE101A17
:10596000B8EE411A31EE000A80EE801ABCEEC10A90
:1059700080ED020A30BD04E001EE901ADFED092A45
:10598000BAE70021016041608160F3E728440258D2
:1059900000000039404402580024744A0090D003AB
:1059A0000024744C001B374B2DE9F04FAC4A0546E0
:1059B000DFF8A8A280F48070DFF8AC9289B01311F0
:1059C000AA4C0843A748AAF104064FF0805C4FF0A8
:1059D00000582CD085F400770F4357D0DFF87CB205
:1059E00085F480670F430BF1080B61D085F40067E5
:1059F0000F4374D085F480570F436ED085F4005761
:105A00000F434FF480394FF4003E67D085F40027F0
:105A10000F4371D085F480370F436ED085F48046F4
:105A20000E436BD085F400420A4368D02AE0DAF8CE
:105A3000001001F00701052924D2DFE801F075BC50
:105A40007D25B10006A8FFF7C7FD079809B0BDE89E
:105A5000F08F6846FFF764FE0098F7E703A8FFF7AA
:105A600001FF0398F2E72068C0F3C10022FA00F0BA
:105A7000ECE72268D20571D561456FD11846E5E79C
:105A80004145E3D00020E1E74846DFE7DAF80010BF
:105A900001F4E07180294FD004DC002944D0402972
:105AA000F0D188E0C029EFD0B1F5807FEAD177E06E
:105AB000DBF8001001F46001B1F5800F3CD004DC8C
:105AC00091B3B1F5001FDDD175E0B1F5C00FDBD0AA
:105AD000B1F5000FD6D163E001E018E030E0DBF86B
:105AE000001001F0E061B1F1007F25D008DCD9B1F0
:105AF000B1F1807FC6D15EE049E06CE079E09CE0E6
:105B0000B1F1407FC0D0B1F1806FBBD148E0DAF88D
:105B1000001001F4E041B1F5005F0DD005DC19B1D2
:105B2000B1F5805FAED146E094E0B1F5405FABD017
:105B3000B1F5804FA6D133E020688000A2D58DE773
:105B4000DAF8001001F4E021B1F5403F6CD006DC3A
:105B500061B149457AD0714594D157E037E0B1F54C
:105B6000802F65D0B1F5A02F8CD10CE000F0D4FED1
:105B70006CE76846FFF7D4FD019867E703A8FFF7D5
:105B800071FE049862E721688903F1D47AE7DBF8B3
:105B9000001011F440310ED0494510D07145F5D1B7
:105BA0003168256801F040516D077FF562AF00292B
:105BB0007FF45FAF57E720680001E7D549E7206829
:105BC0008000E3D503A8FFF74DFE05983EE7226865
:105BD0009203DBD554E7306810F480303AD0484562
:105BE000D4D120680001D1D56846FFF799FD02980D
:105BF0002CE7DBF8001001F0E041B1F1405F13D079
:105C000008DC71B1614521D04145BFD120688000D9
:105C1000B4D437E7B1F1804F0AD0B1F1A04FB2D080
:105C200030E7FFF7C7FC11E720684007AED51AE759
:105C30002068C005AAD521E708E0DAF8001011F0C5
:105C40004051A0D0614505D041459FD12068000159
:105C50008FD417E72068800198D5F3E650440258A6
:105C60000090D003001BB7000080BB000044025826
:105C70002DE9FE4F0546DFF8E48350F8081B0024A9
:105C8000F64FC943019005F12800264608F1240883
:105C9000009008011DD4A86E50B1B0F5801F0CD043
:105CA000B0F5001F0ED0B0F5401F1ED001240FE04C
:105CB000386840F40030386017E00198022102F0A3
:105CC000CDFC03E00098022102F058FD04000CD046
:105CD00026462888C043C00523D4A86D05281ED2B7
:105CE000DFE800F00C11161B1B00AA6ED8F800109C
:105CF00021F440111143C8F80010EAE7386840F475
:105D00000030386009E00198002102F0A7FC03E0B0
:105D10000098002102F032FD044674B100E0012435
:105D200026462888C043800528D4E86D80281ED0E8
:105D30000CDC90B140280ED114E0AA6DD8F8001008
:105D400021F007011143C8F80010EAE7C02813D07A
:105D5000B0F5807F10D001240FE0386840F40030A7
:105D6000386009E00198002102F078FC03E0009817
:105D7000002102F003FD04469CB126462888DFF886
:105D8000DC92C04309F12C0940052CD4D5F8A800B9
:105D9000B0F5800F20D00DDCA0B1B0F5001F0FD101
:105DA00015E0EA6DD8F8001021F4E0711143C8F84D
:105DB0000010E3E7B0F5C00F13D0B0F5000F10D01E
:105DC00001240FE0386840F40030386009E00198A1
:105DD000002102F043FC03E00098002102F0CEFC19
:105DE00004467CB126462888C04300052DD4D5F84A
:105DF000AC00B0F1007F21D00EDCA8B1B0F1807F03
:105E000010D116E0D5F8A820D9F8001021F46001CF
:105E10001143C9F80010E6E7B0F1407F13D0B0F1AC
:105E2000806F10D001240FE0386840F400303860F3
:105E300009E00198002102F011FC03E00098002124
:105E400002F09CFC044674B126462868C0438001D9
:105E50001FD4E86CD8B110280FD0202812D03028D9
:105E600015D0012414E0D5F8AC20D9F8001021F0A9
:105E7000E0611143C9F80010E7E7386840F40030EA
:105E8000386004E00198022102F0E8FB044674B196
:105E900026462888C043C0042BD4286EB0F5005F86
:105EA00020D00DDCA0B1B0F5805F0FD115E06B48BC
:105EB000EA6C2030016821F0300111430160E8E70D
:105EC000B0F5405F13D0B0F5804F10D001240FE043
:105ED000386840F40030386009E00198002102F091
:105EE000BDFB03E00098002102F048FC04468CB1A1
:105EF00026462888C043800429D4686EB0F5403F08
:105F000023D010DC08B3B0F5803F14D0B0F5003FCB
:105F10000FD115E02A6ED8F8001021F4E0411143AA
:105F2000C8F80010E5E7B0F5802F0ED0B0F5A02F2F
:105F30000BD001240AE00198012102F08FFB03E05D
:105F40000098012102F01AFC044694B126462888E4
:105F5000C04340042AD4D5F8B000B0F1405F23D04C
:105F600010DC08B3B0F1805F14D0B0F1005F0FD146
:105F700015E06A6ED8F8001021F4E0211143C8F84A
:105F80000010E4E7B0F1804F0ED0B0F1A04F0BD07D
:105F900001240AE00198012102F060FB03E000986F
:105FA000012102F0EBFB044674B126462888C04369
:105FB00000041FD4286FD8B1B0F1805F0ED0B0F1CB
:105FC000005F10D0012414E0D5F8B020D9F80010FB
:105FD00021F0E0411143C9F80010E7E7386840F4C8
:105FE0000030386004E00198012102F037FB0446DC
:105FF00074B126462868C043C0011ED4A86CD0B135
:1060000001280ED0022811D0032814D0012413E057
:106010002A6FD8F8001021F040511143C8F8001041
:10602000E8E7386840F40030386004E00198022165
:1060300002F014FB0446ACB126462868DFF81CB019
:10604000C043ABF11C0B400252D40548016841F437
:1060500080710160FFF76EF8824611E02C4402580F
:1060600000480258FA48AA6C016821F00301114364
:106070000160E2E7FFF75EF8A0EB0A00642835D87C
:10608000F4480068C005F5D58CBBDFF8C4A3B5F8AB
:10609000B4100AF1240ADAF8000001F4407100F4A7
:1060A0004070884211D0DAF80010DAF8002021F4AC
:1060B000407142F48032CAF80020DAF8002022F45D
:1060C0008032CAF80020CAF80010D5F8B400B0F544
:1060D000807F1AD1FFF72EF8029012E0FFF72AF81E
:1060E0000299411A41F2883081420AD90324264696
:1060F0002878DFF85CA3C0430AF1080AC00721D062
:106100003CE0DAF800008007E8D5D5F8B410C1F318
:106110000120032858460DD0016821F47C5101600C
:10612000B5F8B420DAF80010C2F30B021143CAF834
:106130000010DDE7C84A036802EA111223F47C511B
:106140001143ECE7E86F182816D005DCA0B1082849
:1061500008D0102804D10AE020280DD028280BD020
:1061600001240AE00198012102F078FA03E0009886
:10617000012102F003FB044664B126462878C0439F
:1061800080071ED4A86F062819D2DFE800F0160C8D
:1061900011161616EA6FDAF8001021F038011143D3
:1061A000CAF80010EAE70198012102F057FA03E06B
:1061B0000098012102F0E2FA04467CB100E00124DB
:1061C00026462878C04340071FD4D5F894000628F7
:1061D00019D2DFE800F0160C11161616AA6FDAF8BD
:1061E000001021F007011143CAF80010E9E70198F7
:1061F000012102F033FA03E00098012102F0BEFA17
:106200000446A4B100E0012426462878C043800655
:106210002BD4D5F89000B0F1405F24D011DC10B33E
:10622000B0F1805F15D0B0F1005F10D116E0D5F865
:106230009420D9F8001021F007011143C9F800108B
:10624000E3E7B0F1804F0ED0B0F1A04F0BD00124A6
:106250000AE00198002102F001FA03E0009802210F
:1062600002F08CFA044694B126462878C0434006D2
:106270002BD4D5F89C00B0F5406F24D011DC10B3BE
:10628000B0F5806F15D0B0F5006F10D116E0D5F8DD
:106290009020DAF8001021F0E0411143CAF8001014
:1062A000E3E7B0F5805F0ED0B0F5A05F0BD001241E
:1062B0000AE00198002102F0D1F903E000980221E0
:1062C00002F05CFA044694B126462878C0430006E2
:1062D0002BD4D5F8A000B0F5C04F24D011DC10B3FA
:1062E000B0F5005F15D0B0F5804F10D116E0D5F8AD
:1062F0009C20D9F8001021F4E0511143C9F8001096
:10630000E3E7B0F5004F0ED0B0F5204F0BD00124DD
:106310000AE00198002102F0A1F903E000980221AF
:1063200002F02CFA044654B126462878C0430007F0
:106330001ED4D5F88400B0F5805F0AD00FE0D5F800
:10634000A020D9F8001021F460411143C9F80010D1
:10635000EBE70098022102F011FA00B10126D5F80E
:106360008420DAF8001021F440511143CAF80010DB
:106370002878C043C00613D4D5F89800B0F5807FC4
:1063800005D10098022102F0F9F900B10126D5F8F3
:106390009820D9F8001021F440711143C9F8001079
:1063A0002868C043000316D4D5F8A40038B1B0F56E
:1063B000803F09D0B0F5003F0BD001240AE00198DE
:1063C000002102F04BF903E00098022102F0D6F917
:1063D00004468CB126462868C043400322D4D5F831
:1063E0008800B0F5801F11D0B0F5001F13D0B0F5B4
:1063F000401F15D0012414E0D5F8A420D9F80010CE
:1064000021F440311143C9F80010E4E7386840F442
:106410000030386004E00098012102F0AFF9044632
:106420005CB126462868C043C00323D4286DA8B1B8
:10643000B0F5803F17D001241BE0D5F88820DAF8AA
:10644000001021F440111143CAF80010EAE70000DF
:106450004C44025800480258CFFFFF00386840F40F
:106460000030386004E00198022102F0F7F8044699
:10647000E4B126462868C043800005D40098022174
:1064800002F07CF900B101262868C04380031BD4C8
:10649000D5F88000B0B1B0F5807F0FD0B0F5007FA7
:1064A00010D0B0F5407F0DD001240CE05A482A6D81
:1064B000016821F4803111430160DBE7386840F462
:1064C00000303860ECB326462868C043C00207D4C9
:1064D0006A6FD8F8001021F000411143C8F800108D
:1064E0002868C043C00008D4D5F8B820DBF80010F5
:1064F00021F480411143CBF800102868C04380028A
:1065000007D4EA6ED8F8001021F080711143C8F862
:1065100000102868C04340000CD4DBF8001021F4C0
:106520000041CBF80010DBF80010D5F8BC20114377
:10653000CBF800102868C04308D437486A6D01685A
:1065400000E018E021F04051114301602868C04389
:10655000000208D4D5F88C20DAF8001021F44001AC
:106560001143CAF8001028790024C04300F001004C
:1065700020430AD00FE0D5F88020DAF8001021F48B
:1065800040711143CAF800109EE70198002102F003
:1065900065F800B106462879C04300F002002043A8
:1065A00005D10198012102F059F800B10646287979
:1065B000C04300F00400204305D10198022102F0FD
:1065C0004DF800B106462879C04300F0080020438A
:1065D00005D10098002102F0D1F800B106462879D3
:1065E000C04300F01000204305D10098012102F0C3
:1065F000C5F800B106462879C04300F020000443E6
:1066000004D10098022102F0B9F800B916B10120B6
:10661000BDE8FE8F0020FBE74C4402582DE9F05FF7
:1066200004000F467ED0DFF83882D8F8000000F072
:106630000F00B8420CD2D8F8001021F00F013943F6
:10664000C8F80010D8F8000000F00F00B84269D177
:106650002078844D40070AD52069296801F070012F
:10666000884204D9296821F070010143296020780B
:106670007C4E361D00070AD56069316801F0700153
:10668000884204D9316821F07001014331602078DB
:10669000C0060AD5A069316801F4E061884204D9D6
:1066A000316821F4E061014331602078DFF8B4B152
:1066B00080060BF1080B0CD5E1695846DBF8002089
:1066C00002F07002914204D9026822F070020A437B
:1066D0000260207880070AD5E068296801F00F0180
:1066E000884204D9296821F00F01014329602078EC
:1066F000C0073ED05B49A2682868183920F4706052
:10670000104328606068022818D0032819D009684F
:10671000012819D0490700294ADADFF848A1AAF16F
:10672000080A00E044E0DAF8002022F00702024301
:10673000CAF80020FEF7FEFC814612E009688903D2
:10674000E9E709688901E6E7C905E4E7FEF7F2FC35
:10675000A0EB090141F28830814202D90320BDE853
:10676000F09F6168DAF8000000F03800B0EBC10F6C
:10677000ECD1207880070AD5E068296801F00F0184
:10678000884204D2296821F00F0101432960D8F81A
:106790000010404601F00F01B9420BD9016821F009
:1067A0000F0139430160006800F00F00B84201D0CA
:1067B0000120D4E7207840070AD52069296801F034
:1067C0007001884204D2296821F0700101432960D8
:1067D000207800070AD56069316801F070018842AD
:1067E00004D2316821F07001014331602078C00685
:1067F0000AD5A069316801F4E061884204D23168A9
:1068000021F4E06101433160207880060CD5E16914
:106810005846DBF8002002F07002914204D2026870
:1068200022F070020A43026000F09AF80E492A68CA
:106830002B68C2F3032203F00F038A5CC95C02F0E9
:106840001F0201F01F01D040084A20FA01F1116037
:106850000749086007480068BDE8F05FFEF79EBD85
:10686000002000521844025858DB0008140000248D
:10687000100000240800002470B5144C3F22026070
:10688000124A24680832131D114D04F007044460B5
:1068900016681C1D06F470668660166806F00F0602
:1068A000C660126802F0700202611A6802F070029B
:1068B00042611A6802F4E0628261226802F07002AA
:1068C000C261286800F00F00086070BD10440258D3
:1068D0000020005230B500F043F80B4A0B490C4B36
:1068E00015681468C5F3032204F00F048A5C095D7F
:1068F00002F01F0201F01F01D040064A20FA01F108
:1069000019601060084630BD1844025858DB000872
:10691000140000241000002400B5FFF7DBFF054938
:106920000968054AC1F30211515C01F01F01C8401A
:1069300000BD00001C44025858DB000800B5FFF7FA
:10694000C9FF05490968054AC1F30221515C01F0FC
:106950001F01C84000BD00001C44025858DB00085D
:10696000454970B545480968434B103B11F0380262
:1069700008D00111082A03D0102A0BD0182A0BD0F6
:10698000084670BD19688906FBD51968C1F3C101B5
:10699000C84070BD3A4870BD3749374D18310C1D9D
:1069A00024350A68096826682D6802F0030406F099
:1069B0000102C1F30511C5F3CC0515FB02F200EE8F
:1069C000102AB8EE400AE9B32F4ADFED2E0AB7EEDF
:1069D000001A6CB1DFED2D1A012C01D0022C43D02E
:1069E00002EE101A1068F8EE422A81EEA22A1EE08A
:1069F0001C68A40611D51B6801EE901A1168C3F338
:106A0000C103F8EE612AD84001EE900AC1F30800F4
:106A1000F8EE611A81EEA22A0BE001EE901ADFED8A
:106A20001C2A00BFF8EE611A106882EEA12AC0F39A
:106A3000080001EE900AF8EE611A40EE201A31EEDD
:106A4000810A00E015E022EE000A1068C0F346203B
:106A5000401C00EE900AF8EE600A80EE201ABCEEB0
:106A6000C10A10EE100A70BD01EE901ADFED092A7E
:106A7000D8E7002070BD0000104402580090D003F9
:106A8000001BB70000000039304402580024744A4B
:106A90000024744C001B374B2DE9F05F04007DD0BF
:106AA000FF4F2078FE4D1837DFF8F493103DC007F4
:106AB00048D0D9F80000396800F03800102815D007
:106AC000182803D101F0030002280FD06068B0F548
:106AD000803F12D010B1B0F5A02F18D0286820F454
:106AE00080302860286820F4802009E0286880032E
:106AF00028D560680028D2D024E0286840F480308F
:106B00002860606888B1FEF715FB064609E0286832
:106B100040F480202860F0E7FEF70CFB801B64281F
:106B20006FD828688003F7D50CE0FEF703FB064614
:106B300005E000BFFEF7FEFA801B6428F0D8286845
:106B40008003F7D4207841F20308D54E0C3E80072D
:106B500069D5D9F80000396810F038000ED018282F
:106B600001D188070AD0E06890B3296821F01901A3
:106B700001432960FEF7DEFA824631E028684007CB
:106B800002D5E06800288AD0E168286820F0190062
:106B900008432860FEF7CEFA824607E0DFE000BF38
:106BA000FEF7C8FAA0EB0A000228B9D82868400707
:106BB000F6D500BFFEF7B8FA40451BD8206940283B
:106BC00012D0316821F47C3141EA003030602AE093
:106BD00018E000BFFEF7AEFAA0EB0A0002289FD82B
:106BE00028684007F6D5E5E7306820F47C3040F4AB
:106BF0000030EBE7207C316821F0FE4141EA006083
:106C0000E4E70DE1286820F001002860FEF792FA21
:106C1000824605E0FEF78EFAA0EB0A0002288DD826
:106C200028684007F6D42078C0065DD5D9F8000062
:106C3000DFF86CB2396800F03800ABF1040B0828BB
:106C400010D0182803D101F0030001280AD0E06910
:106C50000028286838D040F080002860FEF76AFAE3
:106C6000824623E02868C00523D5E069802876D1D4
:106C70001FE0206A202821D0316821F0F84141EA44
:106C80008060306030E000BF94F82010DBF8002016
:106C900022F07C5242EA0161CBF8001024E000BFF0
:106CA000FEF748FAA0EB0A00022898D82868C00529
:106CB000F6D5FEF739FA4045E6D8DAE7306820F035
:106CC000F84040F08040DCE720F080002860FEF7CC
:106CD00031FA064605E000BFFEF72CFA801B0228B9
:106CE0009DD82868C005F7D42078000729D56C48BE
:106CF0006169643000298046016811D041F00101CA
:106D00000160FEF717FA064605E000BFFEF712FA2B
:106D1000801B0228C9D8D8F800008007F6D510E0FB
:106D200021F001010160FEF705FA064605E000BF0B
:106D3000FEF700FA801B022872D8D8F800008007FE
:106D4000F6D42078800623D5A0690028286810D0C2
:106D500040F480502860FEF7EDF9064605E036E184
:106D6000FEF7E8F9801B02285AD828688004F7D576
:106D70000EE020F480502860FEF7DCF9064604E0BF
:106D8000FEF7D8F9801B02284AD828688004F7D477
:106D9000207840074FD5DFF80C81D8F8001041F477
:106DA0008071C8F80010FEF7C5F9064605E000BF7F
:106DB000FEF7C0F9801B642832D8D8F80000C0055F
:106DC000F6D5374EA068603601280AD008B10528EC
:106DD00013D0306820F001003060306820F00400EB
:106DE00002E0306840F001003060A06841F2883A6B
:106DF00090B1FEF79FF980460AE0306840F0040049
:106E00003060EEE7FEF796F9A0EB0801514507D890
:106E100030688007F6D50EE0FEF78CF9804607E073
:106E200084E000BFFEF786F9A0EB080151457DD84C
:106E300030688007F6D4606AB0B3DFF86480D9F8B0
:106E4000001008F120084FF6F87B08F10409C1F39F
:106E5000C2010329A8F1040A69D00228286820F099
:106E60008070286003D0FEF765F9044684E0FEF7E1
:106E700061F9064605E000BFFEF75CF9801B0228B9
:106E800077D828688001F7D4E26A40F2F331386895
:106E900054F8283F884340EA02101843386004E061
:106EA0001044025800480258B5E0217B434622892D
:106EB0004FF4FE0C208A4FF0FE474902267D521EF9
:106EC000401EA1F50071C2F308088AB2761E0CEAD2
:106ED000004042EA08020243504607EA06610A43BC
:106EE0001A60DAF8002022F00102CAF80020D9F86E
:106EF0000020266A22EA0B0242EAC602C9F80020F4
:106F0000DAF80010A26921F00C011143CAF8001050
:106F10000168E26921F0020111430160016841F456
:106F200080310160016841F4003101E021E027E097
:106F30000160016841F480210160016841F00101B4
:106F40000160286840F080702860FEF7F3F804467E
:106F500005E000BFFEF7EEF8001B022809D82868FC
:106F60008001F7D557E000BFFEF7E4F8001B0228C8
:106F700002D90320BDE8F09F28688001F4D44AE0DC
:106F800039680128D8F8000021D0A26A01F0030373
:106F900093421CD1E26AC1F305118A4217D1216BD9
:106FA000C0F30802491E8A4211D1616BC0F3462228
:106FB000491E91420BD1A16BC0F30642491E91427A
:106FC00005D1E16BC0F30660491E814201D001206A
:106FD000D0E7A16C4E46D9F80000C0F3CC00814246
:106FE00019D0DAF80000554620F00100CAF8000078
:106FF000FEF7A0F84FEA0007FEF79CF8B842FBD076
:10700000A26C306820EA0B0040EAC20030602868B9
:1070100040F0010028600020ACE700002DE9F047B7
:10702000040029D0594A4FF000092068584B594DA7
:107030009042C4F8289006D0984204D0A84202D0CA
:10704000E1680F2918D8E1684FF0010AE76B0831B1
:10705000C9080AEB57167143904205D0984203D0F5
:10706000A84201D0082907D8904203D0984201D005
:10707000A84204D1102902D90120BDE8F08794F874
:10708000810020B9204684F8809000F085F8022025
:1070900084F881002068016821F001010160206806
:1070A000A1698268B1F1806F02F4F81110D16268B1
:1070B000B2F5800F01D01AB10AE0A26B22B107E04D
:1070C000A26BB2F1805F03D1026842F48052026089
:1070D0006068400209D5E068072806D32068236D60
:1070E000026822F480721A4303E02068026822F4E6
:1070F00080720260A66AE069E26B25683043E3684B
:107100000A4310431843A860D4E90D02D4E905816D
:10711000636A25691843D4F820C00A4326681043DF
:107120002843A56DD4E90172D4E9123140EA080080
:1071300040EA0C0038430843104318432843F060EA
:10714000606868B92068816821F4C05141F4006129
:1071500081602068816821F4C06141F480618160B0
:107160002068016D21F0010101656068400206D5CB
:107170002068626DC16821F000411143C160C4F80C
:10718000849084F881A0002077E70000003001405F
:1071900000380040003C00402DE9F043B7B0044601
:1071A000142130A8F9F7F9FBC0216846F9F7F5FB7F
:1071B000534D0226544905272068103DDFF84081D1
:1071C0000024DFF84091884231D1811418940020C6
:1071D000CDE900106846FEF74BFD08B1FBF779FEDC
:1071E000D8F8001041F48051C8F80010D8F8000019
:1071F00000F480503590286840F00100286028682D
:1072000000F001003590286840F0020028602868EE
:1072100030A900F002003590A0203090CDE9316413
:107220003A48CDE93347FDF763FE102033E0384993
:1072300088423CD1811418940020CDE900106846A2
:10724000FEF716FD08B1FBF744FE2D48083801682B
:1072500041F480410160006800F480403590286866
:1072600040F004002860286800F004003590286889
:1072700040F002002860286830A900F00200359034
:1072800006203090CDE931642248CDE93347FDF73F
:107290002FFE4FF400503090CDE9316430A94846BC
:1072A000CDE93347FDF724FE37B0BDE8F0831A4936
:1072B0008842F9D1411419940020CDE900106846A4
:1072C000FEF7D6FC08B1FBF704FED8F8001041F435
:1072D0000051C8F80010D8F8000000F400503590B4
:1072E000286840F010002860286830A900F01000DD
:1072F00035904FF4E04030900848CDE93164CFE755
:10730000F0440258000402580030014000000258C6
:1073100000380040000802580034014000100258B4
:1073200070477047704710B5040003D094F83D00D3
:1073300010B107E0012010BD002084F83C00204679
:1073400000F022F8022084F83D002068211D01F0A1
:107350008DFB012084F8480084F83E0084F83F004B
:1073600084F8400084F8410084F8420084F8430027
:1073700084F8440084F8450084F8460084F8470007
:1073800084F83D00002010BD7047000090F83D10CB
:10739000012901D001207047174A022180F83D10D1
:1073A0000168CB6843F00103CB600068904214D0C1
:1073B000B0F1804F11D0114988420ED01049884257
:1073C0000BD01049884208D00F49884205D00F4998
:1073D000884202D00E49884207D181680D4A114087
:1073E000062906D0B1F5803F03D0016841F00101C4
:1073F00001600020704700000000014000040040D0
:1074000000080040000C004000040140001800404B
:10741000004001400700010070472DE9F04104469B
:1074200000680027C6680569A90713D5B10711D5FB
:10743000FA1E0261012121772068806980072046B9
:1074400002D0FFF7E9FF04E000F08BF8204600F0DF
:1074500089F82777680716D5700714D522680220A7
:107460006FF00401116120772068806910F4407F7B
:10747000204602D0FFF7D0FF04E000F072F820466B
:1074800000F070F82777280715D5300713D5226844
:1074900004206FF00801116120772068C06980071F
:1074A000204602D0FFF7B8FF04E000F05AF820466B
:1074B00000F058F82777E80616D5F00614D52268AC
:1074C00008206FF01001116120772068C06910F466
:1074D000407F204602D0FFF79FFF04E000F041F814
:1074E000204600F03FF82777E80708D0F00706D0DD
:1074F00021686FF001000861204600F035F8280689
:1075000001D4A80408D5300606D521686FF40250CE
:1075100008612046FFF705FFE80508D5300606D5C7
:1075200021686FF4807008612046FFF7F9FE680655
:1075300008D5700606D521686FF040000861204626
:1075400000F01CF8A8060AD5B00608D521686FF02F
:10755000200008612046BDE8F041FFF7E3BEBDE82A
:10756000F08170477047000000680349884201D1EC
:10757000FDF7DEBE7047000000480140704730B59F
:1075800090F88410012918D0012280F88420242149
:10759000C0F888100022202401680B680D6823F0D1
:1075A000005325F001050D60426601680B60C0F8CC
:1075B000884080F88420104630BD022030BD10B5D0
:1075C0000446D0F88C00202801D0022010BD61B103
:1075D0005AB10123E36600202067204602F070FACA
:1075E0000028F3D1E16E012901D0012010BD2268ED
:1075F00010211162226852E8001F41F0100142E898
:107600000013002BF6D110BDF0B50E4617499BB004
:10761000884228D1164D602E344601D9602400E0FE
:10762000D4B1144F3868B8B168216846F9F7B5F994
:10763000114922466846F9F731F9ADF8606003F068
:1076400073FF0023199038681A46694604F000F861
:1076500010B12868401C286001F01EFC002802D0F0
:107660006868401C68601BB0F0BD0000CC030024BB
:10767000F40000249C000024A4160224704770B576
:10768000044690F8840001281DD0012284F884204B
:107690002420C4F8880020680568026822F00102EE
:1076A00002602068826822F060620A43826020469D
:1076B00001F092FE2268202100201560C4F8881095
:1076C00084F8840070BD022070BD70B5044690F847
:1076D000840001281DD0012284F884202420C4F8CD
:1076E000880020680568026822F0010202602068B4
:1076F000826822F060420A438260204601F06CFEFC
:107700002268202100201560C4F8881084F88400C5
:1077100070BD022070BD704770470000064910B56B
:10772000884207D101F0B8FB002803D00348416824
:10773000491C416010BD0000CC030024F40000246B
:107740002DE9F04107680025044640F60F030226A4
:10775000F8693968BA6818420AD183067ED501F003
:10776000200302F0805C53EA0C0377D0616F7EE166
:10777000D44BDFF854C3134001EA0C0C53EA0C0C51
:107780006CD05FEAC07C0CD05FEAC15C09D54FF0D9
:10779000010CC7F820C0D4F8907047F00107C4F876
:1077A0009070870709D5D70707D027683E62D4F8BD
:1077B000906046F00406C4F8906046070AD5D607E4
:1077C00008D0276804263E62D4F8906046F002068E
:1077D000C4F8906006070CD501F020061E4308D0BF
:1077E000266808233362D4F8903043F00803C4F8C5
:1077F000903003050BD54B0109D526684FF4006383
:107800003362D4F8903043F02003C4F89030D4F8B9
:107810009030002B3DD0800609D501F0200002F009
:107820008051084303D0616F09B120468847216821
:10783000D4F890008968490602D410F0280F2AD0A5
:10784000204601F025FF2068806840061ED520688C
:10785000083050E8001F21F0400100E021E040E83E
:107860000012002AF3D1D4F8800078B1974901655D
:10787000D4F88000FCF756FB00280AD0D4F880002A
:10788000016D00E02046BDE8F04108472046FFF7C3
:1078900045FFBDE8F0812046FFF740FFC4F8905057
:1078A000F7E7D4F86CC02023BCF1010F7ED15FEA6A
:1078B000C06C7BD55FEAC16C78D510203862206837
:1078C0008068400673D5D4F88020814910688842CA
:1078D00034D07F491831884230D07D4930318842D8
:1078E0002CD07B494831884228D079496031884280
:1078F00024D077497831884220D075499031884228
:107900001CD07349A831884218D07249884215D0DA
:1079100070491831884211D06E49303188420DD0FB
:107920006C494831884209D06A496031884205D0A3
:1079300068497831884201D06649903140684FF4F7
:1079400080770004000C40D0B4F85C1081423CD930
:10795000A4F85E00D069B8422FD0216851E8000F2A
:1079600020F4807041E80002002AF6D12068083037
:1079700050E8001F21F0010140E80012002AF5D173
:107980002068083050E8001F21F0400140E8001254
:10799000002AF5D1C4F88C30E566206850E8001F55
:1079A00021F0100140E80012002A01E04AE019E04D
:1079B000F3D1D4F88000FCF705F92667B4F85C0031
:1079C000B4F85E10401A81B208E0B4F85C1081424D
:1079D0007FF466AFD069B842FAD126672046FFF738
:1079E00013FE56E7B4F85C00B4F85E10B4F85E20FD
:1079F000401A81B2002AF4D00029F2D0226852E85D
:107A0000000F20F4907042E80007002FF6D1324FAB
:107A1000206800F1080050E8002F02EA070240E861
:107A2000002CBCF1000FF3D1C4F88C30E56665671B
:107A3000226852E8000F20F0100042E80003002BFB
:107A4000F6D1CAE7C60209D5560207D54FF4801011
:107A500038622046BDE8F041FFF75EBE06060AD553
:107A600001F0800602F40002164304D0A16F002941
:107A70007FF408AF0DE7420611D54A060FD5204620
:107A8000016851E8002F22F0400241E80024002C58
:107A9000F6D1C0F88830856700F0DCF9F9E602021B
:107AA00006D54A0004D52046BDE8F041FFF733BEB5
:107AB000C00196D5002994DA2046BDE8F041FFF7D1
:107AC000DDBD000001000010200100048F950008BA
:107AD0001000024010040240FEFFFFEF10B504004A
:107AE00003D0D4F8880010B107E0012010BD0020B9
:107AF00084F88400204600F027F82420C4F8880089
:107B00002068016821F001010160A06A10B12046DF
:107B100001F084FC204601F0FDFD0128E6D020683C
:107B2000416821F4904141602068816821F02A0178
:107B300081602068016841F0010101602046BDE8D4
:107B4000104001F0CFBC00002DE9F04FB7B0054662
:107B5000142130A8F8F721FFC0216846F8F71DFF6F
:107B60008549022628680024824F4FF4806A8842A3
:107B70004FF0400B62D100201F940121CDE900108D
:107B80006846FEF775F808B1FBF7A3F9794810309D
:107B9000016841F010010160006800F010003590AC
:107BA000386840F0020038603868042100F00200B4
:107BB00035904FF440403090CDE93164CDE9334108
:107BC0006E4830A9FDF794F9DFF8B48129236D4A96
:107BD0004FF400394046574688E81C00C0E9034A84
:107BE000C8F81440C8F81840C8E90749C8F8244044
:107BF000FCF74EFE08B1FBF76CF9614E2A23C5F87D
:107C000080807836C8F838505E4A3046C6E9034767
:107C100074611832B461C6E90749746286E80C08D9
:107C2000FCF736FE08B1FBF754F9EE670022052198
:107C3000B5632520FDF762FC252069E052494FF02D
:107C40000709DFF84881884267D100201E9402218D
:107C5000CDE900106846FEF70BF808B1FBF739F9DB
:107C6000D8F8001041F40031C8F80010D8F800002E
:107C700000F400303590386840F001003860386812
:107C80000C21309130A900F00100CDE9316433942A
:107C9000CDE934903E48FDF72BF9394E2B21394878
:107CA0005746F036303086E81300C6E9034A74615F
:107CB0003046B461F46134627462FCF7E9FD08B1E6
:107CC000FBF707F9DFF8CC802C23C5F8806040462D
:107CD000B5632C4AC0E90347C8F814404832C8F8D5
:107CE0001840C8F81C40C8F8204088E80C08C8F8BC
:107CF0002440FCF7CDFD08B1FBF7EBF8C5F87C801C
:107D000000220521C8F838502620FDF7F7FB262071
:107D1000FDF7E6FB37B0BDE8F08F1F498842F9D187
:107D200000201E940221CDE900106846FDF7A0FF57
:107D300008B1FBF7CEF8D8F8001041F48021C8F85C
:107D40000010D8F8000000F480203590386840F02A
:107D50000800386038684FF44071309130A900F065
:107D60000800CDE931643394CDE934900B48FDF738
:107D7000BFF8CFE7E0440258001001400004025869
:107D8000880500241000024000440040E8440258E6
:107D900000000258F006002400480040000C025881
:107DA000704770472DE9F8430446D0F8880098469C
:107DB00016460D46202802D00220BDE8F883A5B162
:107DC0009EB10021C4F890102120C4F88800183416
:107DD000FDF7B0F9814654F8100CA687E6872027F6
:107DE000183CB0F5805F02D003E00120E5E7206990
:107DF00010B12E46002510E000260EE0802120461E
:107E000001F0B2FEC0B9DEB116F8010B216888623C
:107E1000B4F85600401EA4F85600B4F856004B467D
:107E20004FF00002CDF800800028E7D14FF040016C
:107E3000204601F099FE48B1C4F888700320BCE7E1
:107E400035F8020B2168C0F30800E0E7C4F8887039
:107E50000020B2E77047FEE7002802D04421F8F77F
:107E60009CBD7047AFF3008070B504000D462FD065
:107E7000002D2DD0D821F8F790FD012020701C2274
:107E8000201D05F12801F8F74EFDB5EC010A84ED3F
:107E9000160A07CD5C3407C407CD07C495E8070070
:107EA00084E80700743C95EC030A02F041FF04F1FA
:107EB00080052B46382283EC040A04F1580104F1B2
:107EC0009000F8F730FD95E80F00483585E80F0081
:107ED00070BD00002DE9F04F04009A4699B093461A
:107EE00036D099B3207890B31C2202A8F8F71BFD76
:107EF000207958B104F10800D0EC031A06A890ECE0
:107F0000030A03F0A6F806A880EC030A607958B1CA
:107F100004F11400D0EC031A03A890EC030A03F058
:107F200098F803A880EC030A0127607804F1200583
:107F300090B1D4ED080A9DED020AB4EEE00AF1EE2C
:107F400010FA10D8042019B0BDE8F08F00E001E06D
:107F50000320F8E70220F6E71C22284602A9F8F7DA
:107F6000E2FC67706FE0A17804F13C008046E9B361
:107F7000382204F15801179109A8F8F7D4FC9DEDB7
:107F8000020A0DF1240942468DED090A04F190061A
:107F9000179BCDE9006902A8294603F061F8BBF1FF
:107FA000000F07D09FED290A8DED0D0A8DED0E0A09
:107FB0008DED0F0A179B02A8CDE9006942462946BC
:107FC00002F076FD04F1C800179A09AB294604F1C6
:107FD000800990EC040A02A802F0F4FD1C22294654
:107FE0004046F8F7A0FC1C2202A900E021E0284648
:107FF000F8F799FC179938223046F8F794FC17984F
:10800000382209A9F8F78FFC0DF14C0B09F1480053
:10801000BAF1000F9BE82E0080E80E00C9F854501A
:10802000E77004D03822504609A9F8F77CFC0020FC
:1080300089E71C222946F8F776FC1C22284602A96B
:10804000F8F771FCA77001207DE700000000000038
:10805000F0B505001E4687B017460C4607D034B170
:1080600094ED010AB5EEC00AF1EE10FA02D8032031
:1080700007B0F0BD94ED000A04F114008DED000A84
:10808000D4ED011A90EC030A02F0DCFF01A880ECA9
:10809000030AD4ED011A083494EC030A02F0D2FF6B
:1080A0000DF1100C33463A4669468CEC030A28461B
:1080B000FFF710FFDCE7000008B5002000906846DD
:1080C000FAF7CBF9044601460098FAF70BFC24B105
:1080D0006042C0B240F4885004E0FAF79DFA18B14B
:1080E0004FF49050FAF7AAF905480121006803F00F
:1080F000AFF9009A012003A1FAF776F903F004FC26
:108100009800002473797374656D20696E6974201A
:10811000646F6E65206D61736B3D30782530386C0F
:10812000580000008068C0F3C00070478068C0F34A
:10813000800070478068C0F380007047C06810F40A
:10814000406F01D0002070470120704730B58BB0E0
:10815000002468461C21079408940994F8F71DFC34
:1081600022480121204A04250323026002220561DE
:108170004460C0E902410475447582610477446239
:10818000C0E90A430463446380F83840C163FBF7E5
:10819000C1FA08B1FAF79DFE144807A90794FAF747
:1081A000AFFE08B1FAF795FE1148062140F2FF72C2
:1081B00003928DE823000D486946CDE904548DF8FB
:1081C0001940FAF731FF08B1FAF783FE0C2109488C
:1081D000CDE9000105486946FAF726FF002801D0DD
:1081E000FAF777FE0BB030BD0020024004010024F6
:1081F0000800900C1000C010194808B5016841F043
:108200000101016000680022052100F001000090DA
:108210000B20FDF773F90B20FDF762F90022052111
:108220000C20FDF76BF90C20FDF75AF9002205210F
:108230000D20FDF763F90D20FDF752F9002205210D
:108240000E20FDF75BF90E20FDF74AF9002205210B
:108250000F20FDF753F9BDE808400F20FDF740B9A6
:10826000D8440258054A0021054810B503F050FBD8
:1082700004490860BDE81040FAF74AB9F4DA00088A
:108280009D880008000000242DE9F04F87B01421DC
:108290006846F8F782FB4448016841F0100101602C
:1082A000016801F010010591016841F08001016051
:1082B000016801F080010591016841F0040101604D
:1082C000016801F004010591016841F001010160BC
:1082D000016801F001010591016841F002010160AE
:1082E000016801F002010591016841F00801016097
:1082F00000684FF41666DFF8B480002200F0080032
:10830000314605904046FCF709FFDFF8A4900022B3
:1083100001214846FCF702FFDFF898A00022102157
:108320005046FCF7FBFEDFF890B041F20307002255
:1083300039465846FCF7F2FE002404204FF4881119
:108340008DE8130069464046FCF7D2FD4FF4C26049
:108350006946CDE9000440460294FCF7C9FD0125B9
:108360000096CDE90154694640460394FCF7C0FDF0
:1083700000956946CDE9015448460394FCF7B8FDE1
:1083800010200090CDE90154694650460394FCF753
:10839000AFFD00976946CDE9015458460394FCF7B8
:1083A000A7FD07B0BDE8F08FE04402580010025866
:1083B0000008025800000258000402581348002127
:1083C00010B5114C0123124A0460C0E90121C0E933
:1083D000033141618161C1610162FCF707FF08B1AE
:1083E000FAF777FD09480021FCF7AAFE08B1FAF771
:1083F00070FD06480021FCF7CFFE002803D0BDE841
:108400001040FAF766BD10BD00540040E0010024A2
:10841000B175703070B5144807244FF08042114E8A
:1084200000211311C0E9021401611512C0E90513FE
:10843000C0E9072141628162C162C0E90D21C163C7
:10844000016441648164C164016541658165C0E97D
:108450000065FEF7E3FD002803D0BDE87040FAF7A1
:1084600038BD70BD003001403402002470B515489D
:1084700007224FF48005124E00212C01C0E90212A0
:1084800001614FF04053C0E90514C0E90731416272
:1084900022018162C162C0E90D21C16301644164AE
:1084A0008164C164016541658165C0E90065FEF7CD
:1084B000B5FD002803D0BDE87040FAF70ABD70BDD5
:1084C00000380040BC02002470B5144807244FF067
:1084D0008042114E00211311C0E9021401611512EE
:1084E000C0E90513C0E9072141628162C162C0E9A8
:1084F0000D21C163016441648164C164016541650A
:108500008165C0E90065FEF789FD002803D0BDE85C
:108510007040FAF7DEBC70BD003401404403002413
:108520001848002110B5164C0C224FF4E1330460BA
:10853000C0E90131C160C0E904128161C161016219
:1085400041628162FFF7CAFA08B1FAF7C2FC0D482E
:108550000021FFF7BAF808B1FAF7BBFC094800217F
:10856000FFF78DF808B1FAF7B4FC0648FFF707F8F3
:10857000002803D0BDE81040FAF7ABBC10BD0000E6
:1085800000100140CC0300241848002110B5164CFF
:108590000C224FF4E1330460C0E90131C160C0E94D
:1085A00004128161C161016241628162FFF796FA42
:1085B00008B1FAF78EFC0D480021FFF786F808B1E4
:1085C000FAF787FC09480021FFF759F808B1FAF7D4
:1085D00080FC0648FEF7D3FF002803D0BDE810401A
:1085E000FAF777BC10BD000000440040600400248E
:1085F0001848002110B5164C0C224FF4E1330460EA
:10860000C0E90131C160C0E904128161C161016248
:1086100041628162FFF762FA08B1FAF75AFC0D482D
:108620000021FFF752F808B1FAF753FC094800217E
:10863000FFF725F808B1FAF74CFC0648FEF79FFF54
:10864000002803D0BDE81040FAF743BC10BD00007D
:1086500000480040F4040024FEE7FEE72DE9F0475F
:10866000454D044689464FF0000A2868C0438007FC
:108670000AD0414E283E306820F080603060FCF720
:1086800059FD0746B04608E00120BDE8F08700BF6D
:10869000FCF750FDC01B022867D8D8F80000000185
:1086A000F6D4206829684FF4FE0721F47C313E029D
:1086B00041EA00302860207AA389B4F804C040025F
:1086C0002D4D2D495B1E227CACF1010C1035091D8E
:1086D000A0F5007080B2521ECCF3080C07EA0343E9
:1086E00040EA0C00184306EA02621043286008685A
:1086F000626920F0C000104308600A68A06922F097
:10870000200202430A60281D0A6822F010020A6053
:1087100002684FF6F873E4699A4342EAC4020260C1
:108720000868B9F1000F40F010020A6011D0086823
:10873000B9F1010F11D040F400100860D8F8000022
:10874000444640F08060C8F80000FCF7F3FC0546A2
:108750000DE0086840F40020EFE740F48010ECE7FB
:10876000FCF7E8FC401B022801D903208DE72068B4
:108770000001F5D5504688E7284402582DE9F04716
:10878000454D044689464FF0000A2868C0438007DB
:108790000AD0414E283E306820F080503060FCF70F
:1087A000C9FC0746B04608E00120BDE8F08700BFDD
:1087B000FCF7C0FCC01B022867D8D8F80000800076
:1087C000F6D4208829684FF4FE0721F07C713E0220
:1087D00041EA00502860207AA389B4F804C040021E
:1087E0002D4D2D495B1E227CACF1010C1835091D65
:1087F000A0F5007080B2521ECCF3080C07EA0343C8
:1088000040EA0C00184306EA026210432860086838
:10881000626920F44060104308600A68A06922F48D
:10882000007202430A60281D0A6822F480720A60FE
:1088300002684FF6F873E4699A4342EAC4020260A0
:108840000868B9F1000F40F480720A6011D008681E
:10885000B9F1010F11D040F080700860D8F8000025
:10886000444640F08050C8F80000FCF763FC054621
:108870000DE0086840F48000EFE740F40000ECE70A
:10888000FCF758FC401B022801D903208DE7206823
:108890008000F5D5504688E728440258012002F0B0
:1088A0009CFDFBE74FF0E02010B5006904F0DEFE10
:1088B000012803D0BDE8104004F0F0B910BD00005D
:1088C00070B59CB04C216846F8F767F8202113A8D2
:1088D000F8F763F80220FCF743FE21480024214901
:1088E000026842F44042026002680A6842F00102F3
:1088F0000A60096801F001011B9101688904FCD537
:10890000022009900121C20350230525CDE9001260
:108910000AAA0C2682E80B00CDE90D05CDE910640A
:108920000F9068461294FEF7B7F808B172B6FEE7EA
:1089300040201A9008230501CDE9163013ABCDE98C
:1089400018053F21032283E81600042113A8FDF730
:1089500065FE002801D072B6FEE71CB070BD0000B5
:10896000184802582C0400583348F0B5334A0168BF
:1089700041F470010160106800F00F00072804D274
:10898000106820F00F00C01D10602D4900202C4CF5
:1089900010340B682B4D43F001030B6020600B6813
:1089A0002B400B60136803F00F03072B04D91368E7
:1089B00023F00F03DB1D1360214C234A1834234B93
:1089C000261D371D20601E4C214D28343060261D89
:1089D0003860371D23603B1D35601C1D3A60251D26
:1089E0002E1D1860331D22602860326018600A68EE
:1089F000134B184C22F4802260330A601860206800
:108A00006FF30F00B0F1005F03D213490120C1F8EA
:108A100008010B48D4300168C9040BD4026843F242
:108A2000D2010E4B42F4805202601960016821F4B9
:108A300080510160F0BD000088ED00E00020005290
:108A4000004402587FEDF6EA8002010100020202B2
:108A50000000FF010010005C008000510040005247
:108A60000148FEF7DABC0000680700242DE9F04752
:108A7000294B4FF0804A294D02689842284E294FD1
:108A8000294C09D0504507D0A84205D0B04203D0A8
:108A9000B84201D0A04205D1D1F804C022F0700242
:108AA0004CEA0202DFF884C0DFF884809842DFF8E5
:108AB00084900FD050450DD0A8420BD0B04209D0C1
:108AC000B84207D0A04205D0604503D0404501D050
:108AD000484503D1CD6822F440722A438E684D691F
:108AE00022F08002C6620E682A439842866207D04E
:108AF000A04205D0604503D0404501D0484501D192
:108B0000096901630368012143F0040303604161C3
:108B10000260BDE8F0870000000001400004004052
:108B200000080040000C00400004014000400140EB
:108B3000004401400048014086B018216846F7F71C
:108B40002CFFDFF8C480002201214FF0FF33D8F85A
:108B5000000002F0A7FC02F0E7FC2C4D04462B4974
:108B600002222B48091DFAF76BFF78B12868401CD8
:108B700028602868049002F0D7FC05906846F9F751
:108B80007DFE6434204602F036FCE8E721481421DB
:108B9000006802F00FFE58B12868401C2860286861
:108BA000049002F0C1FC05906846F9F767FE27E0E3
:108BB000164F6E464FF6FF7C3F1D002140F6E44302
:108BC00037F8110000FB03F206EB4103491C0229B0
:108BD0005880B2FBFCF0D880F0D301208DF8000063
:108BE0000398401C03902868049002F09DFC0590B7
:108BF0006846F9F743FED8F80000102102F028FC7F
:108C00000348FAF7A1FFBCE798000024FC00002409
:108C100004010024B4000024054810B5FAF730FC24
:108C2000C00602D54FF0FF3010BD002010BD00007F
:108C30000401002418484FF0FF340022234601218C
:108C400086B0006802F02EFC144D154E002202A9D9
:108C50002346286802F09EFC0028F7D19DF8080002
:108C60000728F3D2DFE800F004050505051311001D
:108C7000ECE7C0B28DF800000598002301901A4679
:108C80003068694602F0E4FCE0E706A100E00BA1D1
:108C90000120F9F7A9FBD9E798000024A0000024DF
:108CA000AC00002475692072657175657374656424
:108CB000206C6F72612073656E6400007569206DB1
:108CC00061726B6564207061746820706F696E7486
:108CD00000000000BCB021484FF0FF3500222B46B9
:108CE0000121006802F0DEFB1D4F1E4E002202A98A
:108CF0002B46386802F04EFC0028F7D19DF808009A
:108D000020B3012824D0022824D0032824D016A080
:108D1000039B04A915A2CDE9000180211CA8F7F747
:108D200077FC041EE2DD802C00D9802430682946BF
:108D300002F0C2FC0028D9D1A2B2104864231CA9B9
:108D4000FFF730F8306802F014FDCFE70CA0DFE742
:108D50000CA0DDE70CA0DBE70CA0D9E7980000240D
:108D6000B0000024C80000243F0000005B256C75A3
:108D70005D5B25735D2025730D0A000060040024EF
:108D800044000000490000005700000045000000BA
:108D900000207047ADF5427DC0216846F7F7FDFD24
:108DA000442130A8F7F7F9FDA3A8FFF755F8A3A9C8
:108DB0005BA8FFF757F8354C4FF0FF3600223346DB
:108DC0000121206802F06EFB314F0125002233465D
:108DD00041A9386802F0DEFB0028F7D1BDF8642114
:108DE000602A00D960222B480199491C0191016831
:108DF0004068ADF80220084402905A9841A90490B6
:108E000018A8F7F790FD482191A8F7F7C6FDBDF81F
:108E1000641191AA41A8F9F71DFB80B100208DF8DB
:108E20000000039803218DF81410401C039068463D
:108E3000F9F73EFD2068042102F00AFBC6E748224C
:108E400091A906A8F7F76FFD00228DF80050B4AB8A
:108E500091A95BA8FFF7FCF800288DF81400E6D173
:108E600031988DF8C050401C319002F05DFB3822E3
:108E70003290B4A933A8F7F756FD30A8F9F76AFD88
:108E80002068082102F0E4FAD1E7000098000024ED
:108E90009C000024F40000242C4960222C4810B5CA
:108EA000FEF78DFB10B14FF0FF3010BD2848D0F811
:108EB0008000E8B30068274988423CD02549183132
:108EC000884238D023493031884234D02149483152
:108ED000884230D01F49603188422CD01D497831FA
:108EE000884228D01B499031884224D01949A831A2
:108EF000884220D0184988421DD01749183188422D
:108F000019D015493031884215D01349483188426B
:108F100011D01149603188420DD00F497831884213
:108F200009D00D499031884205D00B49A83100E0A5
:108F300009E0884203D1016821F0080102E00168DC
:108F400021F004010160002010BD0000A4160224DD
:108F5000CC0300241000024010040240CCB0A02139
:108F60006846F7F71AFD324E0020471E8DF80000C4
:108F700001213B460246306802F094FA02F0D4FA2E
:108F80002C4C05469DF80000002849D02A480023B3
:108F900028A91A46006802F0FDFA70B9206839461F
:108FA00002F08AFB48B928A8F9F7AAFA78B1039821
:108FB000401C0390206802F0DCFB8C2128A8F7F706
:108FC000ECFC2068394602F077FB48B128E00198B4
:108FD0004FF48071401C0190306802F039FAE9E7E3
:108FE00028A8F9F78BFA002817DD02F09DFA2A90DD
:108FF0008C22029828A9401C02902A98049005A867
:10900000F7F791FC0D48002328A91A46006802F0E2
:109010001FFB3068802102F01BFA206802F0A9FBD8
:109020006846F9F77DFCC835284602F0E4F9A9E75F
:1090300098000024C0000024A4000024A8000024FC
:1090400010B5F9F743FA002010BD0000ADF5107D12
:1090500018216846F7F7A1FC554C0020471E8DF8F3
:10906000000001213B460246206802F01BFA6846D8
:10907000F9F78AFC4F4D04264FF400689DF8000074
:1090800058B1032809D0042807D028686423002297
:109090008DA902F07FFA88B339E0286800228DA9F3
:1090A0003B4602F077FA0028E8D19DF83402012807
:1090B000E4D118216846F7F770FC01208DF8000014
:1090C00002F032FA05906846F9F71CFA60B104988C
:1090D0008DF80060401C04906846F9F755FC206844
:1090E000414602F0B5F9C9E76846F9F74DFC20683A
:1090F0004FF4007102F0ACF92FA138E0FFE79DF8C2
:10910000340202282BD0032833D0042833D09DF812
:1091100000000128B2D14FF4077106A8F7F73DFC13
:1091200006A8F9F721FB06A86946F9F7EEF981468A
:109130000398401C039002F0F7F9B9F1000F059075
:109140001EDD4FF003008DF800006846F9F71CFCA7
:1091500020684FF4806102F07BF91CA107E06846AB
:10916000F9F7D2F90021684603F090F81CA101201C
:1091700016E0022100E00121684603F087F87DE750
:1091800011DA04988DF8006000F10100049068463F
:10919000F9F7FAFB2068414602F05AF9032015A1BD
:1091A000F9F722F96AE76846F9F7EEFB66E700008F
:1091B00098000024AC00002472657475726E2068FB
:1091C0006F6D652073746172740000007265747550
:1091D000726E20686F6D6520646F6E650000000020
:1091E00072657475726E20686F6D652073746F7030
:1091F0000000000072657475726E20686F6D6520E6
:109200006661756C740000008CB014216846F7F735
:10921000C4FB254F4FF0FF3500222B460121386853
:1092200002F040F902F080F9204E0446142106A80D
:10923000F7F7B3FB3068294602F03EFA20BB06A8D8
:10924000F9F7E8F98046306802F093FAB8F1000FB8
:1092500019DD4FF001008DF81800029800F10100AF
:1092600008900398099002F05FF914220A9006A969
:109270006846F7F758FB6846F9F7A0FB38682021E5
:1092800002F0E6F80AE009DA039800F10100039021
:1092900002F04AF904906846F9F790FB04F5FA7475
:1092A000204602F0A8F8C1E798000024C40000247A
:1092B00070B50C4C4FF0FF352946206802F0FCF9E0
:1092C00008B1284670BDF9F7A3F90028206804D03A
:1092D00002F04FFA6FF0010070BD02F04AFA002070
:1092E00070BD0000C4000024ADF5147D20218BA8C2
:1092F000F7F753FBDFF8C8904FF0FF3600223346F4
:109300000121D9F8000002F0CDF802F00DF92D4D41
:109310004FF4077A2C4F04464FF000085146684638
:10932000F7F73BFB6846F9F71FFA2868314602F069
:10933000C3F940B96846F9F78FFB286802F019FABB
:109340009098401C9090CDF81C823146CDF8208238
:10935000CDF82482CDF82882386802F0ADF938BB08
:1093600087A8F9F777FB00281FDD02F0DDF88A9067
:109370000023164887A91A46006802F069F9A0B9C7
:109380000DF5077C9CE80F000DF50B7C8CE80F00B9
:109390008F984021401C8F909198401C91908A9802
:1093A0009290D9F8000002F053F8386802F0E1F921
:1093B0008BA8F9F71DFB3234204602F01CF8ADE70C
:1093C00098000024B8000024BC000024A000002461
:1093D00010B5F9F727FB10BD30B5416EB9B1016882
:1093E0000D4B03F108048A688968C2F34262490F91
:1093F0005D5C615C2D01B5FBF1F1A0F86A10995C30
:10940000A25C0901B1FBF2F1A0F8681030BD0121A6
:10941000A0F86A10F8E7000048DB000890F8281070
:10942000090706D50168836B4A6822F400421A4393
:109430004A6090F82810C90706D00168C36A4A68D4
:1094400022F400321A434A6090F82810890706D5A2
:109450000168036B4A6822F480321A434A6090F82C
:109460002810490706D50168436B4A6822F4802218
:109470001A434A6090F82810C90606D50168C36BE4
:109480008A6822F480521A438A6090F8281089066C
:1094900006D50168036C8A6822F400521A438A6078
:1094A00090F82810490611D50168436C4A6822F4E7
:1094B00080121A434A60416CB1F5801F06D10168E1
:1094C000836C4A6822F4C0021A434A6090F828105C
:1094D000090606D50168C26C486820F400201043D4
:1094E000486070472DE9F84300250446C0F89050C5
:1094F000FBF720FE8046206820266FF07E4700683C
:10950000000713D50022434631042046009700F09F
:109510002BFB58B1216851E8000F20F0800041E892
:109520000002002AF6D1C4F8886021E020680068B3
:10953000400722D5002243464FF480012046009781
:1095400000F012FBC8B1206850E8001F21F49071B0
:1095500040E80012002AF6D12068083050E8001FC9
:1095600021F0010140E80012002AF5D1C4F88C6016
:10957000032084F88450BDE8F883C4F88860C4F8F8
:109580008C60E5662567002084F88450F3E710B509
:10959000806B0021A0F85E10FEF7C0F810BD70B51A
:1095A000846B00252168D4F88800D4F88C60896821
:1095B000090606D5212804D1A4F85650204600F00B
:1095C00091F820688068400606D5222E04D1A4F8C0
:1095D0005E50204600F05CF8D4F8900040F0100097
:1095E000C4F890002046FEF799F870BD10B5C16927
:1095F0000022806BB1F5807F2DD0A0F85E2003683B
:1096000053E8001F21F4807143E80014002CF6D1C8
:109610000168083151E8003F23F0010341E80034BC
:10962000002CF5D10168083151E8003F23F04003D8
:1096300041E80034002CF5D12021C0F88C10C16E17
:10964000012908D1016851E8003F23F0100341E8E7
:109650000034002CF6D10267C16E012902D0FEF75A
:109660009FFB10BDB0F85C10FDF7CEFF10BD10B52C
:10967000806B01210167C16E012902D0FEF791FBC9
:1096800010BDB0F85C104908FDF7BEFF10BD00002A
:1096900010B5026852E8001F21F4907142E80013EF
:1096A000002BF6D10E4B0268083252E8001F194019
:1096B00042E80014002CF6D1C16E012908D10268DD
:1096C00052E8001F21F0100142E80013002BF6D1F0
:1096D00000212022C0F88C20C166416710BD000027
:1096E000FEFFFFEF026852E8001F21F0C00142E8D0
:1096F0000013002BF6D10168083151E8002F22F445
:10970000000241E80023002BF5D12021C0F8881089
:10971000704700002DE9F04304468068D84E87B0BA
:10972000D84B2168D4E90427D4F81CC010430A6838
:10973000002547EA0C073843324002430A6020689C
:10974000E268416821F44051114341602268A169F7
:109750009A4201D0206A01439768DFF82CC3CB4EB0
:10976000CB4807EA0C070F4397602168676ACA6A0B
:1097700022F00F023A43CA622268B2420ED1006858
:1097800000F03800182873D047DCB8B3082879D027
:1097900010286FD178E028287ED17BE0BD498A422D
:1097A00009D1006800F00700062875D2DFE800F054
:1097B000546A6C6E7072B8498A4209D1006800F030
:1097C0000700062868D2DFE800F0475D5F61636547
:1097D000B2498A4209D1006800F0070006285BD22E
:1097E000DFE800F03A5052545658AD498A420BD146
:1097F000006800F0070006284ED200E010E0DFE825
:1098000000F02B4143454749A6498A420AD10068E6
:1098100000F03800182839D0B7DD2028BBD13CE053
:1098200001203AE0A0498A4209D1006800F007000F
:10983000062831D2DFE800F01026282A2C2E9B497A
:109840008A420BD1006800F00700062824D2DFE826
:1098500000F003191B1D1F2100201EE09A421BD19E
:109860008B48001D006800F00700062814D202E0B3
:109870000CE007E010E0DFE800F0030507090B0D3E
:1098800002200AE0042008E0082006E0102004E09E
:10989000202002E0402000E080208549DFF814828B
:1098A0009A42854A4FF400434FEA21174FF00006D1
:1098B0004ED110281AD006DC022809D004280BD07B
:1098C00008287CD10DE020283ED0402877D13DE00B
:1098D000FBF770FE014610E06846FBF721FF019997
:1098E0000BE003A8FBF7BEFF049906E010688006B2
:1098F00005D51068C0F3C100C140002970D0606A6E
:10990000676838F8102007EB4703B1FBF2F0834299
:1099100055D8B0EB073F52D8002308461946F6F752
:10992000E5FD02467808130E120243EA01211018E1
:109930003A4671410023F6F7D9FD604AA0F540711F
:1099400091423CD821688FE03946D8E71946D6E7DE
:10995000D4F81CC04FF6EF799C4546D1082819D0A1
:1099600005DC58B101280CD0042875D10DE0102871
:1099700015D0202835D040286ED134E0FCF7CCFF3C
:1099800001E0FCF7DBFF014610E06846FBF7C8FE8C
:1099900001990BE003A8FBF765FF049906E0106846
:1099A000800604D51068C0F3C100C140C1B1636A2C
:1099B000606838F81330B1FBF3F1490000E04BE088
:1099C00001EB5001B1FBF0F0A0F11001494543D883
:1099D0004FF6F0732168C0F342021840104343E091
:1099E00043E03946E3E71946E1E7082819D005DCEA
:1099F00058B101280CD004282ED10DE0102815D024
:109A000020282BD0402827D12AE0FCF785FF01E051
:109A1000FCF794FF014610E06846FBF781FE0199D0
:109A20000BE003A8FBF71EFF049906E01068800610
:109A300004D51068C0F3C100C140B1B1636A606869
:109A400038F81330B1FBF3F101EB5001B1FBF0F04A
:109A5000A0F11001494505D9012506E03946EDE799
:109A60001946EBE7216880B2C8600120A4F86A00BB
:109A7000A4F8680028466667A66707B0BDE8F083CB
:109A8000F369FFCF000C0058FFF4FF1100100140F4
:109A9000544402580044004000480040004C00403C
:109AA000005000400014014000780040007C00405D
:109AB0000090D00330DB000800440258FFFC0F0088
:109AC00070B50446D0F8800000232225A165A4F8D3
:109AD0005C20C4F89030C4F88C50F0B11F49C163C9
:109AE000D4F880101E480864D4F880101D48C8645B
:109AF000D4F8800003651346A56D2168D4F8800072
:109B00002A462431FBF7A6F838B11021C4F890108A
:109B10002020C4F88C00012070BD206940B121686C
:109B200051E8000F40F4807041E80002002AF6D1AD
:109B30002068083050E8001F41F0010140E80012A1
:109B4000002AF5D12068083050E8001F41F040019C
:109B500040E80012002AF5D1002070BDED95000804
:109B60006F9600089F9500082DE9F0479946174623
:109B70000D460446089E4FF0000833E0701C31D0BB
:109B8000FBF7D8FAA0EB0900B04218D8BEB12068A4
:109B90000168490726D5802D24D0402D22D0C169E7
:109BA000C94309070DD4082505622046FFF770FD5B
:109BB000C4F89050012084F88480BDE8F087032029
:109BC000FBE7C069C04300050CD421684FF4006076
:109BD00008622046FFF75CFD2021C4F8901084F84D
:109BE0008480ECE72068C06935EA000004D00020DA
:109BF000B842C3D00020E0E70120F9E70148FDF7B3
:109C00009FBD0000CC0300240148FDF799BD000072
:109C100060040024FEE703B401984100009850EA74
:109C2000C12018BF04204A0D18BF40F0010040F2C7
:109C3000FF72B2EB515F08BF40F00200012808BF7D
:109C4000052002B070474100080218BF04200A0E28
:109C500018BF40F001004FF07F4232EA010108BF17
:109C600040F00200012808BF0520704709070028BE
:109C70004FEA116104DB00F1E02080F80014704726
:109C800000F00F0000F1E02080F8141D7047000084
:109C900010EE100A10B510EE901A4FF0684202EB69
:109CA00040032DED028BB3F1654F3CBF02EB410247
:109CB000B2F1654F7CD200BFC0F3C753C1F3C752A6
:109CC0009A1A1B2A09DD10F0004F14BF9FED6E0A8F
:109CD0009FED6E0ABDEC028B10BD12F11A0F1BDA5C
:109CE00011F0004F09D010F0004F0CBF9FED680A33
:109CF0009FED680ABDEC028B10BD80EE208A18EE45
:109D0000100AFFF7A0FF042808BF00F003FCB0EE24
:109D1000480ABDEC028B10BD4200B2EB410F37D9AF
:109D200010F0004F19BFDFED5C1A9FED5C1ADFEDFC
:109D30005C1A9FED5C1AB0EE602A0A46F1EE400A0A
:109D400080F00041B0EE420A10460A1A5200B2F109
:109D5000807F34D2484010F0004FDFED532A9FED52
:109D6000533A1DBF9FED522A71EEE21A31EE431AAB
:109D70009FED502A04BF71EEA21A31EE031AF0EEE5
:109D8000402A42EE602A40EE020A82EEA02A18E043
:109D900011F0004F04BF9FED481AF0EE411AD4D0E5
:109DA00010F0004F1CBFDFED451A9FED451A00E093
:109DB00026E004BFDFED431A9FED431AC5E780EEAE
:109DC000202A22EE020ADFED410ADFED412ABDEC36
:109DD000028B40EE202ADFED3F0A40EE220ADFED43
:109DE0003E2A40EE202ADFED3D0A40EE220A22EE16
:109DF000000A00EE201A31EE020A30EE210A10BDF0
:109E00004FF07F42B2EB400F28BFB2EB410F05D2BB
:109E1000BDEC028BBDE8104000F071BB40EA0103CD
:109E20005B0008BF41F0FF410BD0B2EB400F08BF11
:109E3000B2EB410F08D120F0804000EE100A21F073
:109E4000804100EE901A37E7B2EB400F12BF5FEA95
:109E5000410240F0FF4001F000413FF42DAF4A00C5
:109E600092EA40033FF528AF002AACBF9FED1C1AD1
:109E70009FED1C1A20EE010A60EE810A10EE100A16
:109E800010EE901A18E70000DB0FC9BFDB0FC93FC7
:109E9000DB0F4940DB0F49C00000C9BF22AAFDB952
:109EA0000000C93F22AAFD390060ED3EC30ACE374B
:109EB000000000BF0000003F00000000000049C09B
:109EC00022AA7DBA0000494022AA7D3A2DAD65BD87
:109ED0008FB8D53D0FB511BE61C84C3EA8AAAABE29
:109EE0000000804F0000802F10B54FF00E412DED87
:109EF000028BB0EE408A18EE100A01EB4001B1F17E
:109F0000145F5CD24FF0FE41B1EB400F24BF9FEDD8
:109F1000400AF0EE400A12D210F0004F19BFDFEDF8
:109F20003D0A9FED3D0ADFED3D0A9FED3D0ADFED65
:109F30003D1A81EE881AB0EE418A18EE100A4FF0F1
:109F4000FC41B1EB400F1BD210F0004FDFED361A91
:109F50009FED362A1DBF9FED361A70EEE10A30EEF6
:109F6000420A9FED341A04BF70EEA10A30EE020AD5
:109F700038EE412ADFED301A48EE011A82EE218ACE
:109F8000DFED2E1A9FED2E2A28EE081A01EE212A67
:109F9000DFED2C1A41EE021A9FED2B2A01EE212A49
:109FA000DFED2A1A41EE021A28EE011A01EE210A0B
:109FB00030EE080ABDEC028B30EE200A10BD4FF0E7
:109FC000E441B1EB400F0CD918EE100AFFF73BFE4D
:109FD000042808BF00F09EFAB0EE480ABDEC028BE0
:109FE00010BD4FF07F41B1EB400F07D2B0EE480AF1
:109FF000BDEC028BBDE8104000F07EBA10F0004FBF
:10A0000014BF9FED130A9FED130ABDEC028B10BD28
:10A01000000000000000C9BF22AAFDB90000C93F2E
:10A0200022AAFD39000080BF0060ED3EC30ACE3792
:10A03000000000BF0000003F0000803F2DAD65BD67
:10A040008FB8D53D0FB511BE61C84C3EA8AAAABEB7
:10A05000DB0FC9BFDB0FC93F10EE101A08B5434A2A
:10A060006846B2EB410F26D94FF0E640B0EB410F06
:10A0700094BF00204FF0FF3000900098DFED3C0AC5
:10A08000002860DB10F0010F46D060EE000ADFED23
:10A09000391A9FED391A10F0020F00EEE11ADFEDC8
:10A0A000371A40EE811A21EEA01AF0EE400A40EE77
:10A0B000010A2ED041E0324B21F0004293423FD9B9
:10A0C00011F0004FDFED2F0A20EE201ADFED2E0AEF
:10A0D00019BF31EE601A71EE200A31EE201A71EECE
:10A0E000600ABDEEE01A11EE100A9FED281A00F08A
:10A0F000030000EEC10A9FED261A009000EEC10A8F
:10A100009FED241A00EEC10A9FED231A00EEC10A4A
:10A11000B3E7F1EE600A10E020EE000A9FED1F1A8F
:10A12000DFED1F1A10F0020F40EE011A9FED1D1A0D
:10A1300000EE211A40EE010AEBD1B0EE600A08BD34
:10A1400000F0F0F999E710EE100A4000B0F17F4FEF
:10A15000F3D307D14FF00100F6F74EFCBDE80840FD
:10A1600000F0D0B9BDE8084000F0C6B9B61F927E35
:10A170000000803F336D4C39DA82083CA0AA2ABE29
:10A18000490E494683F9223F0000004B0000C93FB9
:10A1900000A0FD390020A2331A61342CB93AB2BABA
:10A1A000CA9F2A3DDDFFFFBE00B510EE101A2DED4F
:10A1B000028B81B0524A6846B2EB410F2ED94FF064
:10A1C000E640B0EB410F94BF00204FF0FF3000900D
:10A1D0000098B0EE408A00286ADB10F0010F4BD0E7
:10A1E00068EE080A9FED471A9FED470A00EE810AC4
:10A1F0009FED461A00EE801A9FED450A10F0020FFF
:10A2000000EE810A02BF01B0BDEC028B00BD00BFB1
:10A2100001B0B1EE400ABDEC028B00BD3D4B21F018
:10A220000042934241D911F0004FDFED3B0A20EE8E
:10A23000201ADFED3A0A19BF31EE601A71EE200ADA
:10A2400031EE201A71EE600ABDEEE01A11EE100A2E
:10A250009FED331A00F0030000EEC10A9FED311AA2
:10A26000009000EEC10A9FED301A00EEC10A9FED8A
:10A270002F1A00EEC10AABE728EE080A9FED2C1A50
:10A28000DFED2C0A10F0020F40EE410A9FED2A1A72
:10A2900000EE201A61EE000AB0EE480A08EE200A2D
:10A2A000B6D101B0BDEC028B00BD00F03BF98FE7E9
:10A2B00018EE100A4000B0F17F4F0DD218EE100AD0
:10A2C000FFF7C1FC042808BF00F024F9B0EE480AEB
:10A2D00001B0BDEC028B00BD09D10120F6F78CFB6B
:10A2E00001B0BDEC028B5DF804EB00F00BB901B0DE
:10A2F000B0EE480ABDEC028B5DF804EB00F0FCB850
:10A30000B61F927EB93AB2BACA9F2A3DDDFFFFBEA0
:10A310000000803F490E494683F9223F0000004B70
:10A320000000C93F00A0FD390020A2331A61342C7F
:10A33000336D4C39DA82083CA0AA2ABE10B52DED47
:10A34000028BB1EEC08A18EE100A20F00040C0F176
:10A35000FF40C00F0AD010EE100A20F00040C0F1FC
:10A36000FF40C00F04BF0120F6F746FBB0EE480ADD
:10A37000BDEC028B10BD000000B510EE101A2DEDE3
:10A38000028B81B04D4A6846B2EB410F3CD94FF089
:10A39000E640B0EB410F94BF00204FF0FF3000903B
:10A3A0000098B0EE408A00285FDB28EE080ADFED57
:10A3B000440A9FED441A00EE201ADFED430A40EEF6
:10A3C000010A9FED421A00EE201ADFED410A10F05B
:10A3D000010F40EE010A9FED3F1A00EE201A61EED8
:10A3E000000AB0EE480A08EE200A02BF01B0BDEC38
:10A3F000028B00BD9FED381A01B0C1EE000ABDEC22
:10A40000028BB0EE600A00BD344B21F00042934253
:10A4100028D911F0004FDFED320A20EE201ADFEDCF
:10A42000310A19BF31EE601A71EE200A31EE201A9E
:10A4300071EE600ABDEEE01A11EE100A9FED2A1AC5
:10A4400000F0030000EEC10A9FED281A009000EE14
:10A45000C10A9FED271A00EEC10A9FED261A00EEF1
:10A46000C10A9DE700F05EF89AE718EE100A400076
:10A47000B0F17F4F0DD218EE100AFFF7E4FB04286D
:10A4800008BF00F047F8B0EE480A01B0BDEC028BFF
:10A4900000BD09D10120F6F7AFFA01B0BDEC028B87
:10A4A0005DF804EB00F02EB801B0B0EE480ABDEC48
:10A4B000028B5DF804EB00F01FB80000B61F927E1F
:10A4C000BBE9223C0C6D063B8A76CE3CACB5593DCF
:10A4D00035A1083E29AAAA3E000080BF490E494680
:10A4E00083F9223F0000004B0000C93F00A0FD3966
:10A4F0000020A2331A61342C30EE000A704730EE8F
:10A50000200A7047DFED020A80EEA00A70470000C3
:10A51000000000009FED020A20EE000A70470000D4
:10A52000000000102DE9F0014FF07F42B2EB410F27
:10A530009FBF4FF0FF310160BDE8F00170474FF061
:10A54000004242EA0123C1F3C752783A551112F092
:10A550001F0C434CCCF120067C44C1F3C752A2F13E
:10A5600078024FEA621204EB820254F8254008BFD9
:10A57000D2E9015612D0556804FA0CF425FA06F710
:10A580003C43976805FA0CF527FA06F8D26807FAF3
:10A590000CFCF24045EA08054CEA0206A4FB034C19
:10A5A000A5FB0352A6FB03631D449D4234BF012655
:10A5B00000261319334416B1934202D903E09342A3
:10A5C00001D2012200E00022624402F1200C920636
:10A5D000DC0C42EA443200EE102A5B03DFED210A74
:10A5E000F8EEC01A00EE103A4FEA9C1C11F0004F32
:10A5F000B8EE400AC0F800C020EE201A00EE105A53
:10A60000DFED190AB8EE400A20EE200A71EE810A49
:10A6100070EE800A10EE902A02F500626FF30B02D2
:10A6200000EE902A70EEE11A31EEC11ADFED101A39
:10A6300030EE411A9FED0D0A20EE800A01EE210A4C
:10A640009FED0C1A00EE810A04BFBDE8F0017047CF
:10A65000CCF180510160BDE8F001B1EE400A7047D5
:10A6600094370000000000360000802C22AAFD294B
:10A67000DB0FC92F0000C92F30380A2801D2012072
:10A6800070470020704710B500F03EFF002803D04F
:10A69000BDE8104000F048BF10BDB0EE402AB0EE5B
:10A6A000600A62EE020A10B521EE213A60EE012A3C
:10A6B0002DED088BB0EE608A40EE400A00EE008A75
:10A6C00002EE003AF0EE008A20EE219A42EE212AB4
:10A6D00041EE410A01EE418A23EE28AA02EE419A98
:10A6E00062EEA8AAF0EE609A01EEE18A41EEA19A2C
:10A6F000B0EE4A0AF0EE690AFFF7CAFAB0EE40BAC5
:10A700002AEE0A0A09EEA90AFFF718FE29EE681ACE
:10A71000F0EE400A81EE200AFFF7E6FBF0EE408AF9
:10A72000F0EE480AB0EE6A0AFFF7B2FAB0EE401A4D
:10A73000B0EE4B0AF0EE680ABDEC088B10BD0000CD
:10A7400070B50C4605462DED028BFFF72DFDDFEDB4
:10A75000100AB7EE008A60EE200A00EEC08AB0EE62
:10A76000480AFFF7EBFD2CB1DFED0A0A80EE801AF4
:10A7700084ED001A002D07D020EE080ADFED060A4E
:10A7800080EE801A85ED001ABDEC028B70BD0000D2
:10A79000885CDB3B32A5C24A9F57C14A10B52DEDFC
:10A7A000068BB0EE61AAF6EE001A60EE21AA60EE0A
:10A7B000A19A21EE219A2AEEAA0A09EEA90A09EE27
:10A7C000090AFFF7BBFD10EE100A1149F0EE408AAE
:10A7D0008842B7EE008A05DDB0EE680AFFF7E4FCB8
:10A7E00080EE288AB0EE680AFFF736FC6AEE2A0A85
:10A7F0002AEE291A6AEE091A60EE880A21EE081A72
:10A8000061EE881ABDEC068BBDE8104000F062BB1B
:10A81000CCBC8C2B2DE9F043F6EE000A1C462DED46
:10A820000C8B85B0D2ED001A91ED000A90ED001A64
:10A830007E4A30EE618A31EE400ADDE9185818EEA2
:10A84000100ADDE91A7660EE208A904201DCB0EE53
:10A85000408A18EE100A904201DCB7EE008A94EDAF
:10A86000010A02A86946FFF76BFF95ED010A01A9ED
:10A8700003A8FFF765FF94ED010A4FF00009FFF709
:10A88000EBFBDFED6B9A20EE29BA94ED010AFFF79E
:10A890008BFC9FED689A60EE09AA95ED010AFFF71F
:10A8A000DBFB20EE29DA95ED010AFFF77DFCD4ED04
:10A8B000030A9DED002ADDED022AD4ED041A30EEE4
:10A8C000822A70EEA20A94ED051AF1EE611A60EE8A
:10A8D00009CA81EE02AA94ED010AC1EEA09AFFF71F
:10A8E0004BFDD4ED050A94ED032A9DED003AF1EEFF
:10A8F000602AD5ED030A20EE220ADDED012A32EEB0
:10A90000032A9DED033A70EEA22AD5ED041A70EEEB
:10A91000830A95ED051AF1EE611A80EE029A95ED23
:10A92000010A81EE22CAC1EEA0BAFFF725FDD5EDDE
:10A93000050A95ED031ADDED011AF1EE600AB8F192
:10A94000000F31EE211A20EE200AC0EE010A21D0BC
:10A950007BEE4D1A00EE109A01EE109A7AEEEC2A78
:10A9600061EEA81A30EE411A62EEA82A21EE282ADA
:10A9700081EE881AC2EE081A31EE0B1A88ED001A21
:10A9800082EE882A31EE800A88ED010A72EE2A1AD8
:10A99000C8ED021ACFB13AEE4C0A79EE601A39EEE0
:10A9A000EB1A60EE280A61EEA81A21EE281A80EE52
:10A9B000880AC1EE080A30EE0A0A81EE881A70EEA3
:10A9C000A90A31EE091A87EC030A002E29D0D5ED29
:10A9D000040A94ED040A70EE600A20EEA81AC1EE93
:10A9E000080A30EE800A86ED000AD5ED050A94EDDE
:10A9F000050A70EE600A20EEA81AC1EE080A30EED1
:10AA0000800A86ED010AD5ED060A94ED060A70EE7D
:10AA1000600A60EEA80A80EE881A31EE000A86ED20
:10AA2000020A05B0BDEC0C8BBDE8F083CCBC8C2BCE
:10AA30003FED98383FED98B810B52DED028BB0EE94
:10AA4000418AFFF7B1FB20EE000ADFED133AF7EE83
:10AA5000000A9FED123A40EE230ADFED112A20EEA4
:10AA6000033ADFED101A9FED101A9FED102A43EE06
:10AA7000000A40EE621A28EE022A002000EE100AB8
:10AA800020EE811A00EE900A01EEC81A02EE081AB2
:10AA9000BDEC028B10BD0000CFFBAC3BCF37C33702
:10AAA000DA1A973121364F36387C1C4186F14A2B11
:10AAB0002DE9F0411C4617460E462DED048B84B05F
:10AAC000B6EE009A93ED062ADDE90E58D0ED001A95
:10AAD00091ED001A93ED030AD8ED060A31EEC18A12
:10AAE00001A9684670EE820A60EE890A00EEC80A83
:10AAF00088ED030A93ED010AFFF722FE002095ED91
:10AB0000010A02A9FFF71CFED8ED031AD4ED032AAF
:10AB1000D8ED040A94ED042A71EEA21AF0EE008A30
:10AB200070EE820A94ED010A61EE899ADDED001A59
:10AB300060EE880A9FED221A71EEA91A61EEA81A3A
:10AB400080EEA12A32EE000A88ED010AD6ED001A45
:10AB500097ED002ADDED010AD4ED012A31EEC22A7B
:10AB6000DDED021A30EE220A70EEE11A32EE011A21
:10AB700020EE090A61EE881A21EE282A81EE821A57
:10AB800031EE209AFFF768FA39EE291AD8ED051A46
:10AB900094ED052AD4ED020A21EE281A71EE821AEC
:10ABA00020EE010A21EE881AC1EE001A31EEA00A49
:10ABB00088ED020A04B0BDEC048BBDE8F081000012
:10ABC000CCBC8C2B70B5051D1E4614462DED0E8B8E
:10ABD000B0EE60BAF0EE40AAF0EE41BAB0EE61CA53
:10ABE00082B090ED000AF1EC010AD5EC031A05469B
:10ABF00030EE60AA91EC030A00F00FFADFED481A7C
:10AC000000F020FA2D1DF0EE401AF0EE412AB0EED1
:10AC1000602A95EC030A00F0F9F9F7EE001AFFF745
:10AC2000BDFDF0EE409AB0EE618AB0EE609AF0EEB3
:10AC3000418A94ED010A01A86946FFF781FD94ED70
:10AC4000010AFFF709FADFED370ADFED37CA20EE18
:10AC500020DA94ED010AFFF7A7FAF0EE400A94ED2E
:10AC6000030A9DED002A9DED013A94ED041A30EEA1
:10AC7000022A30EE030AD4ED051AB1EE411ADFEDD7
:10AC80002B2A81EE82EA60EEA2EAC1EE00DA94EDB0
:10AC9000010AFFF771FBD4ED050A94ED031ADDED0F
:10ACA000001AF1EE600AB0EE6D2A31EE211A20EEA4
:10ACB000200AF0EE4E1AF0EE6C0AC0EE012AB0EE59
:10ACC0006E1AB0EE4D0A00F0A1F9F0EE4A1A00F04B
:10ACD000B9F9FFEE001AFFF761FDF0EE4C3AB0EE65
:10ACE0006B3AF0EE4B2AB0EE6A2A00F0CAF8F0EEAA
:10ACF000483AB0EE683AF0EE492AB0EE692A00F020
:10AD0000C0F800F0E7F806F1280080EC040AFFF72D
:10AD1000C4FC1C3686EC030A02B0BDEC0E8B70BD81
:10AD2000ABAAAA3D3FED9838000000003FED98B86F
:10AD300010B5F6EE001A2DED088B60EE21AA20EE7C
:10AD4000A1BA21EE21AAB0EE6A0AFFF785F9B0EEAA
:10AD5000408AB0EE4B0AFFF77FF928EE008AB0EE8A
:10AD60004A0AFFF779F928EE009AB0EE6A0AFFF76F
:10AD70001BFAB0EE408AB0EE4B0AFFF715FA28EE48
:10AD8000008AB0EE4A0AFFF70FFA08EE009AB0EE1A
:10AD90006A0AFFF709FAB0EE408AB0EE4B0AFFF7F5
:10ADA0005BF928EE008AB0EE4A0AFFF755F968EE23
:10ADB000008AB0EE6A0AFFF74FF9B0EE408AB0EEB3
:10ADC0004B0AFFF7F1F928EE008AB0EE4A0AFFF7C6
:10ADD000EBF948EE408AB0EE6A0AFFF73DF9B0EEB3
:10ADE000408AB0EE4B0AFFF7DFF928EE008AB0EE9A
:10ADF0004A0AFFF731F928EE008AB0EE6A0AFFF737
:10AE0000D3F9F0EE409AB0EE4B0AFFF725F969EE60
:10AE1000809AB0EE4A0AFFF7C7F909EE808AB0EED1
:10AE20006A0AFFF719F9F0EE409AB0EE4B0AFFF705
:10AE300013F969EE809AB0EE4A0AFFF7B5F969EEA8
:10AE4000809AB0EE6A0AFFF7AFF9F0EE40AAB0EED2
:10AE50004B0AFFF7A9F96AEE80AAB0EE4A0AFFF79B
:10AE6000FBF84AEEC09AB0EE481AF0EE680AB0EE6F
:10AE7000490AF0EE691ABDEC088BBDE8104000F0FD
:10AE800029B820EE024A60EE224A20EE035A60EE14
:10AE9000235A00EEE24A40EE824A00EEE35A40EEC8
:10AEA000835A01EE434A41EE234A01EE025A41EE33
:10AEB000625A01EEE34A41EEC34A01EEA25A41EE64
:10AEC000825AB0EE440AF0EE640AB0EE451AF0EE93
:10AED000651A704710B52DED048BF0EE409AF0EE38
:10AEE000608A29EEA90AB0EE419AB0EE618A00EEBE
:10AEF000A80A01EE090A01EE880AFFF71FFA10EE10
:10AF0000100A0A49884205DC094890EC040ABDECA5
:10AF1000048B10BD89EE802AC8EE800A89EE001AE3
:10AF2000C8EE001AB0EE420AF1E70000CCBC8C2B50
:10AF300018DB000810B52DED0A8BB0EE61AAF0EE1B
:10AF400042AAB0EE62BAB0EE409AB0EE608AB0EEBD
:10AF500041CAFFF729F9F0EE403AB0EE490AF0EEA7
:10AF6000638AFFF779F8F0EE403AB0EE480AB0EEA7
:10AF7000639AFFF719F9F0EE401AB0EE480AF0EEC6
:10AF800061BAFFF769F8F0EE400AB0EE4C0AF0EE55
:10AF9000609AFFF709F9B0EE403AB0EE4C0AB0EE15
:10AFA000438AFFF759F828EEAB1A29EE004A69EEFA
:10AFB000885A29EE802A21EE006A28EEA95A69EE05
:10AFC0002B1A01EE084A09EE486A65EE8A0A68EE15
:10AFD000882A22EE0A2A61EE885A25EE2A1A41EEC4
:10AFE000802A06EE2A2A48EEC05A0BEECA1A44EE10
:10AFF0002A0A69EE294A02EE8B2A04EE8B1A45EEE4
:10B000008B0ABDEC0A8BB0EE420A10BD30EE210A6D
:10B0100070EE820A31EE221A7047B0EE603AF0EE1E
:10B02000413A63EE224A63EEA10A20EE021AB0EE24
:10B03000404A43EEC24A44EE620A03EE611AB0EEA1
:10B04000640A704720EE210A60EEA10A21EE211A5F
:10B05000704730EE610A70EEC20A31EE621A704734
:10B060002DE9F04306460D4610301C462DED108BA1
:10B0700099B09146DDE93087D0EC031A01F1100058
:10B08000091D90EC038A301DB0EE62EAF0EE42DA60
:10B0900090EC030A0020B0EE61DAD1EC03BAF0EED6
:10B0A00040EA0590069007900A900B900C900D9046
:10B0B0000E900F9096ED003AD5ED003AF0EE41FA81
:10B0C000B0EE60FA73EE639AFFF7A7FFF6EE001A90
:10B0D000FFF7B8FFF0EE412AB0EE602AF0EE401A1A
:10B0E000B0EE4E1AF0EE6D0AB0EE4D0AFFF78EFF8D
:10B0F000B0EE41AAB0EE40BAF0EE60AAF0EE6F2AD0
:10B10000B0EE4F2AF0EE6E1AB0EE491AF0EE680A71
:10B11000B0EE480AFFF781FFB0EE418AB0EE409AE8
:10B12000F0EE608AF0EE4E2AB0EE6D2AF0EE4D1A87
:10B13000B0EE6C1AF0EE4C0AB0EE6B0AFFF76DFF42
:10B14000F0EE482AB0EE682AF0EE491AFFF75EFFEB
:10B15000DFED7D1AFFF776FFF0EE401AF0EE412AA0
:10B16000B0EE602AB0EE4A1AF0EE6A0AB0EE4B0A70
:10B17000FFF74CFF0AAACDF800800DA9039105AB9B
:10B180002946CDE90132B0EE41AAB0EE40BAF0EE68
:10B1900060AA23464A463046FFF73CFB05A890ECE0
:10B1A000030A0AA8D0EC031AFFF730FFF0EE691A81
:10B1B000FFF748FF04F11C00B0EE418AB0EE409A60
:10B1C000F0EE608A90EC030AF0EE4A2AB0EE6A2AAA
:10B1D000F0EE4B1AFFF7AEFEF0EE401AB0EE602A2A
:10B1E000F0EE412AB0EE490AF0EE680AB0EE481AD5
:10B1F000B0EE628AB0EE429AF0EE618AFFF70DFF80
:10B20000F6EE001AFFF71EFFF0EE412AB0EE602ABC
:10B21000F0EE401AB0EE481AF0EE490AB0EE680AB5
:10B22000FFF717FF241DF0EE608AB0EE409AB0EEF3
:10B23000418A94EC030A241FFFF7FEFBB0EE41AAFB
:10B24000B0EE40BAF0EE60AA98ED031AD8ED020A0B
:10B2500098ED010AFFF7F0FBB0EE602AD5ED000A89
:10B26000D9ED001AF0EE412AB0EE4A1A70EEE10A6A
:10B27000DFED361A70EEA10AF0EE001A60EEA10AB8
:10B28000F0EE401AB0EE4B0AC9EEA0BAF0EE6A0A30
:10B29000FFF7DFFEF0EE6B1AFFF7D4FEF0EE412A67
:10B2A000F0EE401AB0EE602AB0EE4A1AF0EE6A0AEA
:10B2B000B0EE4B0AFFF7AAFE05A8B0EE41BAB0EE19
:10B2C00040AB90EC030AF0EE001AFFF7BBFE0AA8B1
:10B2D000D0EC031AFFF79AFE0DA8D0EC031AFFF783
:10B2E0009CFEF0EE412AF0EE401AB0EE602AB0EE7D
:10B2F0004B1AF0EE6A0AB0EE4A0AFFF7AAFEF0EE29
:10B30000691AFFF79FFE1034F0EE419AF0EE40AA62
:10B31000B0EE60AA94EC030AF0EE482AB0EE682A78
:10B32000F0EE491AFFF772FEF0EE692AB0EE4A2AF3
:10B33000F0EE6A1AFFF76AFE103787EC030A19B0BD
:10B34000BDEC108BBDE8F083ABAAAA3DCCBC8C2B26
:10B350001FB500240094019402940394FAF78EF828
:10B3600001208DF80C001F218DF8081087228DF820
:10B3700009208DF80D008DF8000068468DF80A4010
:10B380008DF80E408DF8014001948DF80B408DF83A
:10B390000F40FAF745F80420FAF77EF8F9F7D0FFE6
:10B3A000FDF78EFAFCF770FFFCF726FFFDF7B8F803
:10B3B000FCF7CCFEFDF702F8FDF72CF8FDF756F888
:10B3C000FDF7E2F8FDF714F9FDF77EF800F0B4F8A8
:10B3D000FCF748FF00F0C2F8FEE710B5EFF3058177
:10B3E00011B16FF0050404E04FF0000408B101F062
:10B3F000C7F8204610BD38B50546EFF3058010B1FB
:10B400006FF005040CE0002402F03EF9291A0090C8
:10B41000002903DD684601F0D9F801E06FF003046C
:10B42000204638BD4FF0000110B5EFF305826AB930
:10B4300048B1D0E902202AB1202807D3104601F0F4
:10B44000C9FA02E010B901F0B7FA0146084610BD8A
:10B4500038B50C4610B1210E002902D06FF0030060
:10B4600038BDEFF30581B1B100216A460091214654
:10B4700001F00EFB60B1009920460029F0D0084A87
:10B480004FF080511160BFF34F8FBFF36F8F38BD06
:10B490006FF0020038BD214601F0B2FA38BD00005D
:10B4A00004ED00E0F8B51D4616460C4610B1210E1D
:10B4B000002902D06FF00300F8BDEFF3058111B150
:10B4C0006FF00500F8BDF10701D0012300E0002373
:10B4D000B10701D5002200E001222146009501F0CC
:10B4E000DFFAF3076FF001016FF0020206D0844328
:10B4F00006D1F8BD0846F8BD1046F8BD0442FCD19F
:10B50000002DF9D0F6E7000010B502F0AFF838B121
:10B51000022804D003480068012800D0002010BD94
:10B52000032010BD68000024EFF3058008B102F08D
:10B53000B1B802F0A9B80000EFF3058010B16FF0C8
:10B54000050070470449086810B14FF0FF3070479C
:10B5500001220A60002070476800002410B5EFF354
:10B56000058010B16FF0050010BD08480168012981
:10B5700002D04FF0FF3010BD054A002182F8141DA3
:10B580000221016001F09AF9002010BD680000243A
:10B590000BE000E0F8B56FF003021D466FF0020605
:10B5A0004FF00004EFF30583A3B1F0B1E9B1E5B9C1
:10B5B000002200926A4601F095FE012817D10098FA
:10B5C000B0B10C494FF080500860BFF34F8FBFF30C
:10B5D0006F8F0DE048B141B12A4601F0E5FD012829
:10B5E00006D025B16FF0010402E0144600E03446B5
:10B5F0002046F8BD04ED00E0F8B514464FF0000514
:10B60000EFF3058212BB08B301B3A4B1D4E902324F
:10B6100063B1502A1AD32269C2B100FB01F66769EF
:10B62000B74213D3009501F0C5FB07E072B9226958
:10B6300062B9626952B9002201F09BFB050005D096
:10B640000CB1216800E0002100F038FF2846F8BD69
:10B65000F8B56FF003021D466FF002064FF00004CC
:10B66000EFF30583ABB100B3F9B1F5B90022009255
:10B6700013466A4601F0CCFC012818D10098B8B1F5
:10B680000C494FF080500860BFF34F8FBFF36F8FAE
:10B690000EE050B149B100232A4601F009FC01280F
:10B6A00006D025B16FF0010402E0144600E03446F4
:10B6B0002046F8BD04ED00E02DE9F0410D460146BD
:10B6C00021F001004FF0000401F00101EFF30582C9
:10B6D0000AB1A41F16E048B1002929466FF00106FF
:10B6E0006FF0020708D001F009FF07E06FF00304D4
:10B6F00008E035B1344605E001F042FE0128F8D1FA
:10B7000000E03C462046BDE8F08170B505464FF0AC
:10B710000004EFF3058050BB0DB1686800E0002025
:10B72000C10701D0012600E0002600071FD46DB13B
:10B73000D5E9021021B1502819D31EB1042002E02E
:10B7400020B114E0012001F007FB05E00EB1042058
:10B7500000E0012001F0F5FA040008D00DB12968DD
:10B7600000E0002100F0AAFE0EB144F001042046E2
:10B7700070BD014670B521F001004FF0000401F0EA
:10B780000101EFF305820AB1A41F11E028B16FF0A7
:10B79000020529B101F0E9FC07E06FF0030407E0BE
:10B7A00000231A46194601F083FB012800D02C46DD
:10B7B000204670BDF8B500280D466FF003014FF02C
:10B7C00000046FF0020603D0EFF30582A2B10DB1C1
:10B7D0000C461BE000216A46009101F083FD012820
:10B7E00013D1009890B10A494FF080500860BFF320
:10B7F0004F8FBFF36F8F09E0294601F0C1FD01288B
:10B8000004D015B16FF0010400E034462046F8BDC5
:10B8100004ED00E0F8B5144603460E464FF000056F
:10B82000EFF3058098BB93B39E423DD84CB1A0681E
:10B830000028E06803D0502836D3012002E008B188
:10B8400032E00020012B05D010B3A268184601F0A9
:10B8500058FA20E040B1032000900022A3680120A4
:10B86000114601F0A7FA04E003220021012001F0B3
:10B8700080FA050018D086B100231A46194601F057
:10B8800017FB012809D0284600F02CFE00250BE00C
:10B89000184601F019FA050006D00CB1216800E045
:10B8A0000021284600F00AFE2846F8BD38B50028D9
:10B8B0004FF000046FF002050BD000BFEFF30581DD
:10B8C000A9B100210091694601F001FC012815D1C0
:10B8D00002E06FF0030412E0009880B109494FF0D4
:10B8E00080500860BFF34F8FBFF36F8F07E00023D6
:10B8F0001A46194601F0DCFA012800D02C462046F1
:10B9000038BD000004ED00E0002000F0A5FEFEE7D9
:10B910002DE9FF414FEA01034FF00005EFF30581E8
:10B92000039561BB58B34FF080064FF018014FF0FC
:10B9300000044AB3176807B13C4697691FB13946FE
:10B940007F1E382F02D21779FF0703D0002004B0E2
:10B95000BDE8F081576907B1BE08D2F808C0BCF154
:10B96000000F0DD0D5685C2D18D312693AB137B1EC
:10B970008DE806103246214601F047FE03900DE0A7
:10B98000D7685FB912694AB903AACDE90012B2B209
:10B99000214601F00DFE012800D003950398D6E75B
:10B9A0002DE9F041134C0F460546E6682068001D5E
:10B9B00000F077FC681C07D137B12168BDE8F04181
:10B9C0000D48091D00F0CCBC20683544B5424560E7
:10B9D000216805D2A06B091DBDE8F04100F0A8BCAC
:10B9E000606B091D00F0A4FCA06A854200D2A5622C
:10B9F000BDE8F08118000024A40C00242DE9F041DA
:10BA0000054600F0B9FC2D4C2D4FA068401CA060ED
:10BA1000206810B1606930B32BE02560A068012870
:10BA200027D1002606EB860007EB800000F072FCB1
:10BA3000761C382EF6D3234800F06CFC21481430D5
:10BA400000F068FC1F48283000F064FC1D483C30C2
:10BA500000F060FC1B48503000F05CFC194860634B
:10BA60001430A06305E0E86A2168C96A814200D801
:10BA70002560606A401C60626864E86A21698842E7
:10BA800000D9206100EB8000291D07EB800000F049
:10BA900067FC00F091FC606900280CD02068E96A1E
:10BAA000C06A884207D208494FF080500860BFF34F
:10BAB0004F8FBFF36F8FBDE8F081000018000024A6
:10BAC000F4070024540C002404ED00E038B500F025
:10BAD00053FC104C2068C8B90F4800F01BFC0E48FE
:10BAE000143000F017FC0C490020E1601431216192
:10BAF000A1F582730090A1F1B40210210A2001F097
:10BB000059F9206010B105A100F0D8FCBDE838401B
:10BB100000F052BC54000024A80D0024546D725152
:10BB20000000000030B4026C0B46002A0BD0D0E9B4
:10BB300002411144C160A14201D30168C1601846AD
:10BB400030BCF4F7ABBE30BC70472DE9F041856BDB
:10BB50001746026C0446002682B1C7B1E068F4F7CC
:10BB60009DFEE168206C2268091AE160914202D2D0
:10BB7000A168081AE060022F16D017E02068A8B963
:10BB8000A06801F0F3FD06460020A0600EE06068AA
:10BB9000F4F784FED4E90101226C1044606088420D
:10BBA00004D32068606001E005B16D1E6D1CA563C3
:10BBB0003046BDE8F08110B5044690F8590058B100
:10BBC00001280CD002280FD0502080F31188BFF339
:10BBD0004F8FBFF36F8FFEE7206B00F001FC204614
:10BBE000BDE8104000F0FCBB10BD000011484FF450
:10BBF000003110B5420706D00E49C01D20F00700E5
:10BC0000411AC1F500310C4C002301440839A4F15C
:10BC1000180221F00701C4E900030C1A11604B60FF
:10BC20000B60C0E9001494604FF000415460516112
:10BC300010BD00008814002484000024144E4FF02E
:10BC40008058144CDFF85090A6F29C4712E000BFD9
:10BC500000F092FBF068C568281D00F022FBA06888
:10BC6000401EA0606068401E606000F0A5FB284692
:10BC7000FFF7A1FF60680028EAD138680128F9D9E8
:10BC8000C9F80080BFF34F8FBFF36F8FF2E700005A
:10BC9000900C00241800002404ED00E0002807D0D8
:10BCA0000021816001600B460A46C16001F000B9C5
:10BCB0007047000070B51D46049C51B1C4F80020C7
:10BCC000C4E90F010121204601F0A8F884F84C5086
:10BCD00070BD2460F4E72DE9F05F88469A46910034
:10BCE0001546DDE90B940A9EA5228346206BF4F7E6
:10BCF0004CFE206B6FF0030101EB8501084420F03E
:10BD00000707780707D0502080F31188BFF34F8FC3
:10BD1000BFF36F8FFEE7B8F1000F4FF000050ED0B4
:10BD20000020221818F8001082F8341018F80010BB
:10BD300011B1401C1028F4D384F8435001E084F87A
:10BD40003450382E00D33726E662201DC4E913652F
:10BD500000F0EBFA04F1180000F0E7FA6565C6F1AF
:10BD60003800A06184F8585052462461594638463C
:10BD7000646200F073FAB9F1000F206001D0C9F8D5
:10BD80000040BDE8F09F000030B5114900E01146C9
:10BD90000A688242FBD34B685C18844203D1446832
:10BDA000084623444B6043681D18954209D1084C4E
:10BDB000183C2468A24209D052681A4442600A68BA
:10BDC00012680260814200D0086030BD0460F9E76B
:10BDD0008400002470B50D4D914241604FF0000485
:10BDE000006106D88169D21A8A4206D2011D2869EB
:10BDF00007E09A4203D2994201D3012403E0011DD6
:10BE0000E86800F095FA204670BD00005400002458
:10BE100010B5044600F0B0FAA06B28B15FF0000442
:10BE200000F0CAFA204610BD0124F9E730B53C4DB8
:10BE300089B06BE00498002806DA059ADDE906016E
:10BE400090470498002861DB069C606910B1201DB2
:10BE500000F027FA03A800F0D5F8024604980A2853
:10BE600054D2DFE800F00505052D304705052D30DB
:10BE700094F8280040F0010084F82800A069059992
:10BE80000B4601442046FFF7A5FF50B3216A204628
:10BE9000884794F82800400738D50020009005987E
:10BEA0000023A16942181946204601F0A5FDC0B93A
:10BEB000502080F31188BFF34F8FBFF36F8FFEE7E1
:10BEC00094F828001EE094F8280040F0010084F85F
:10BED00028000598A06128B1811813462046FFF775
:10BEE00079FF13E0502080F31188BFF34F8FBFF329
:10BEF0006F8FFEE794F82800810703D4204600F0F6
:10BF00006FFA03E020F0010084F82800286800227E
:10BF100004A901F049F900288CD109B030BD000016
:10BF2000540000242DE9FC410F46054600F00AFDAF
:10BF300001A800F067F80446019818B101F0CAFCA6
:10BF4000BDE8FC81254EAFB130690068D0B3002751
:10BF50003068291B3A4600F0F1FA01F0BBFC0028DA
:10BF6000EED11F494FF080500860BFF34F8FBFF3F1
:10BF70006F8FE5E7A542EBD801F0ACFCF0682746EF
:10BF8000C068C468201D00F08CF994F828004107AF
:10BF900019D5A0692B463A4641192046FFF71AFFEA
:10BFA000A8B100202A46034601460090204601F031
:10BFB00023FD60B9502080F31188BFF34F8FBFF38A
:10BFC0006F8FFEE707E020F0010084F82800216A67
:10BFD00020468847B4E70127BAE700005400002450
:10BFE00004ED00E00648416B096829B1416BC9685E
:10BFF000C9684968816270474FF0FF31FAE7000075
:10C000001800002470B5054601F03EFB064E0446BC
:10C01000B068844203D200F009F8012000E000205B
:10C0200028602046B46070BD54000024F8B5194D56
:10C0300020E0C068C4680668201D00F032F9216A5B
:10C040002046884794F82800400713D5A06930445B
:10C05000B04206D92461211D6060E86800F068F9EB
:10C0600008E000203246034601460090204601F0D9
:10C07000C3FC38B1E86801680029DAD12969C5E94B
:10C080000310F8BD502080F31188BFF34F8FBFF32A
:10C090006F8FFEE75400002408484068401C4FF0B2
:10C0A000500080F3118804D0BFF34F8FBFF36F8F20
:10C0B000FEE7BFF34F8FBFF36F8FFEE78C000024C6
:10C0C000002A4FF0000202D0814302D002E0084271
:10C0D00000D0012210467047074CE068016841B16A
:10C0E000C0680021D0F80000FFF71CFFFFF79EFE9C
:10C0F000F3E701210020F7E7540000242DE9F04187
:10C10000044600F039F994F9455004F1240609E099
:10C11000606A48B1304601F0A5FB08B100F0ECFAC6
:10C120006D1E6DB2002DF3DC4FF0FF3684F84560D4
:10C1300000F042F900F020F994F9445004F110079E
:10C1400009E0206948B1384601F08CFB08B100F0E5
:10C15000D3FA6D1E6DB2002DF3DC84F84460BDE8A7
:10C16000F04100F029B900002DE9F0410027044614
:10C1700000F0E8FB324E306808B9FFF737FD706910
:10C1800004424ED1C4B3083460070ED004F0070057
:10C19000C0F108000444600707D0502080F31188E4
:10C1A000BFF34F8FBFF36F8FFEE72CB370688442ED
:10C1B00037D82348183001460D6801E028460D465F
:10C1C0006968A14202D229680029F7D131688D42FD
:10C1D00027D007682968016008376868011B1029A3
:10C1E0000FD92819420708D0502080F31188BFF3D7
:10C1F0004F8FBFF36F8FFEE713E041606C60FFF776
:10C20000C3FD69687068401A7060B268904200D2DD
:10C21000B060002072691143C5E90001F068401C5C
:10C22000F06001F057FB780707D0502080F31188A9
:10C23000BFF34F8FBFF36F8FFEE73846BDE8F08145
:10C240006C0000240449086818B10868026D521C8B
:10C2500002650868704700001800002470B5041FCC
:10C26000094E231F4FF0807521F0010125601C1F2E
:10C270001960A0F120010B1F266044380A606FF09E
:10C2800002051D6070BD000099C0000810B504468D
:10C290000170FFF749F960612046BDE81040F6F7EC
:10C2A00073BBD0E9013201699A60D0E901235A6079
:10C2B0004A68824201D182684A60002202610868AD
:10C2C000401E0860086870470448016803680268F7
:10C2D0008869DB6AC3F13801916170471800002456
:10C2E00010B5044C8023046004F15C000860136006
:10C2F00010BD0000D00D002410B5044C4FF4807325
:10C30000046004F15C000860136010BD2C10002470
:10C3100000F076BB4FF0FF3300F108010022C0E9C6
:10C3200001130260C1600161704700210161704723
:10C3300030B50B685A1C02D000F1080202E0026915
:10C3400004E02246546825689D42FAD953684B6040
:10C3500099608A60516008610168491C016030BDC4
:10C3600042684A6093688B60936859609160086185
:10C370000168491C01607047502080F31188BFF3A9
:10C380004F8FBFF36F8F0A494868401C48600128EF
:10C390000CD10848006810F0FF0F07D0502080F340
:10C3A0001188BFF34F8FBFF36F8FFEE77047000018
:10C3B0008C00002404ED00E00849486828B1401EC4
:10C3C000486001D180F311887047502080F31188B4
:10C3D000BFF34F8FBFF36F8FFEE700008C00002488
:10C3E00070B500282AD0164DA0F10804616868696C
:10C3F000014207D1502080F31188BFF34F8FBFF364
:10C400006F8FFEE722683AB1502080F31188BFF3A6
:10C410004F8FBFF36F8FFEE78143616000F092FAA8
:10C4200060686968084468602046FFF7ADFC2869C9
:10C43000401C2861BDE8704001F04CBA70BD00009E
:10C440006C0000244FF0E020002101614FF47A726B
:10C450008161072303490968B1FBF2F1491E41617B
:10C46000036170471000002410B5F4F717F8114964
:10C4700010280ED300F1E0200A7890F8F0039042E3
:10C4800007D2502080F31188BFF34F8FBFF36F8F17
:10C49000FEE709488968006800F4E060884207D92F
:10C4A000502080F31188BFF34F8FBFF36F8FFEE7EB
:10C4B00010BD00008C0000240CED00E0084B5FF084
:10C4C000000210B553F832401CB1521C082AF9D3AF
:10C4D00010BD03EBC20443F83210606010BD0000D1
:10C4E000B407002410B504000AD000F013F894F843
:10C4F000460000280CD12046BDE81040FFF770BF71
:10C50000502080F31188BFF34F8FBFF36F8FFEE78A
:10C5100010BD0000084A002102EBC1035B688342A2
:10C5200006D102EBC103002042F831005860704789
:10C53000491C0829F0D37047B407002470B515468C
:10C540000E460446FFF718FF94F944100020491CDA
:10C5500001D184F8440094F94510491C01D184F8B4
:10C560004500FFF729FFA06B28B904F124002A46F3
:10C57000314600F0DFF82046BDE87040FFF7BEBD51
:10C58000020010B514D00F48006B38B1502080F372
:10C590001188BFF34F8FBFF36F8FFEE700F0D2F922
:10C5A00000211046FFF7FCF901F094F9002807D1AB
:10C5B00005494FF080500860BFF34F8FBFF36F8F76
:10C5C00010BD00001800002404ED00E070B5040068
:10C5D0000D460BD095B11E4A106BB8B1502080F3B8
:10C5E0001188BFF34F8FBFF36F8FFEE7502080F3AA
:10C5F0001188BFF34F8FBFF36F8FFEE7502080F39A
:10C600001188BFF34F8FBFF36F8FFEE700F09AF9E9
:10C610002368D2685919934204D98B420AD99142AE
:10C6200002D807E08B42FAD9881A21600021FFF76F
:10C63000B7F900E0216001F04DF9002807D1054964
:10C640004FF080500860BFF34F8FBFF36F8F70BD06
:10C650001800002404ED00E070B50546FFF78CFEDD
:10C660001E4C05B92568281DFFF71BFEA86A18B1E6
:10C6700005F11800FFF715FE606A401C6062206833
:10C68000854207D11648291DFFF76AFE6068401CE5
:10C69000606007E0A068401EA0602846FFF78BFAA4
:10C6A000FFF7A0FCFFF788FE6069002814D020681F
:10C6B000854211D1206B38B1502080F31188BFF32F
:10C6C0004F8FBFF36F8FFEE706494FF08050086031
:10C6D000BFF34F8FBFF36F8F70BD000018000024B1
:10C6E000900C002404ED00E002490A6A0260C96867
:10C6F000416070471800002401490120C86170475B
:10C700001800002410B50C4650B1094909681831C9
:10C71000FFF70EFE2046BDE810400121FFF740B9AB
:10C72000502080F31188BFF34F8FBFF36F8FFEE768
:10C730001800002470B514460D4668B10A4909680E
:10C740001831FFF70DFE0CB14FF0FF35214628469A
:10C75000BDE87040FFF724B9502080F31188BFF383
:10C760004F8FBFF36F8FFEE71800002410B5030052
:10C77000144611D01048026BB2B1026841F000417A
:10C780009161016818461831FFF7EAFD2046BDE8BF
:10C7900010400121FFF704B9502080F31188BFF346
:10C7A0004F8FBFF36F8FFEE7502080F31188BFF3E8
:10C7B0004F8FBFF36F8FFEE71800002470B500287D
:10C7C00004463ED0226DA2B1E06C884200D30146FF
:10C7D000E06A884235D0012A33D11A4D2A68944242
:10C7E0000FD1502080F31188BFF34F8FBFF36F8FAD
:10C7F000FEE7502080F31188BFF34F8FBFF36F8F98
:10C80000FEE7A269E162002A02DBC1F13801A16101
:10C810000D4E00EB8000616906EB8000814210D173
:10C82000201DFFF73EFDE06A2969884200D9286192
:10C8300000EB8000211D06EB8000BDE87040FFF793
:10C840008FBD70BD18000024F407002470B5194D89
:10C850002A6BF2B1C46841F0004101600CB3FFF7EC
:10C8600020FD201DFFF71DFDE06A2969884200D9DF
:10C87000286100EB8000104901EB8000211DFFF7CB
:10C880006FFDE06A2968C96A884201D90120E86120
:10C8900070BD502080F31188BFF34F8FBFF36F8FAF
:10C8A000FEE7502080F31188BFF34F8FBFF36F8FE7
:10C8B000FEE7000018000024F407002430B587B01C
:10C8C000002405AA04A9039403A80494FFF708FD13
:10C8D000DDE9030100940023CDE90110174815A1FB
:10C8E000059A00F092FE164D0028E8621FD001F074
:10C8F00053F8012809D0401C19D1502080F3118829
:10C90000BFF34F8FBFF36F8FFEE7502080F3118886
:10C91000BFF34F8FBFF36F8F01214FF0FF30A8623D
:10C920006961EC6007B0BDE8304000F03DB907B088
:10C9300030BD000049444C45000000003DBC0008EB
:10C94000180000240248016B491C01637047000075
:10C9500018000024164810B5016B11B10121C16106
:10C9600010BD0021C161134A016901E0B9B1491E3E
:10C9700001EB810352F82330002BF7D001EB810348
:10C9800002EB830202F1080453685B685360A34220
:10C9900001D15B685360DA680260016110BD50200C
:10C9A00080F31188BFF34F8FBFF36F8FFEE7000056
:10C9B00018000024F407002470B52020FFF7D4FBF2
:10C9C000040005D000252560201DFFF7A3FC257776
:10C9D000204670BD38B550B1202104460091002199
:10C9E00002C0FFF797FC01202077204638BD502079
:10C9F00080F31188BFF34F8FBFF36F8FFEE7000006
:10CA00002DE9F041884604464FF0000750B15FEA37
:10CA100018600FD0502080F31188BFF34F8FBFF301
:10CA20006F8FFEE7502080F31188BFF34F8FBFF365
:10CA30006F8FFEE7261D04F10C05FFF783FF2168C9
:10CA4000F06841EA0801216018E000BFD0E9001653
:10CA500001F07F4221F07F415301236802D40B4251
:10CA600003D10AE031EA030307D1D20100D50F4315
:10CA7000216841F00071FFF7E9FE3046A842E5D198
:10CA80002068B843206000F025FF2068BDE8F081F1
:10CA900013460A460146014800F0E2BF11C30008F0
:10CAA0002DE9F0479A4690460D460446DDF8209061
:10CAB0004FF0000748B1280E0FD0502080F31188A6
:10CAC000BFF34F8FBFF36F8FFEE7502080F31188C5
:10CAD000BFF34F8FBFF36F8FFEE71DB100F0C6FDB0
:10CAE00040B112E0502080F31188BFF34F8FBFF3A5
:10CAF0006F8FFEE7B9F1000F07D0502080F3118847
:10CB0000BFF34F8FBFF36F8FFEE7FFF71BFF266862
:10CB1000524629463046FFF7D3FA30B1B8F1000F3C
:10CB20001AD02068A843206016E0B9F1000F13D096
:10CB3000B8F1000F01D04FF08077BAF1000F01D0AB
:10CB400047F080674A46201D45EA0701FFF70EFEC1
:10CB500000F0C0FE18B10AE000F0BCFE1FE0114971
:10CB60004FF080500860BFF34F8FBFF36F8FFFF718
:10CB7000ABFB0646800110D4FFF7FEFB2668524649
:10CB800029463046FFF79CFA28B1B8F1000F02D0D1
:10CB90002068A8432060FFF70FFC26F07F46304650
:10CBA000BDE8F08704ED00E037481CB5374902685E
:10CBB0008A4207D1502080F31188BFF34F8FBFF313
:10CBC0006F8FFEE731490068491E884207D1502027
:10CBD00080F31188BFF34F8FBFF36F8FFEE72C49AF
:10CBE000FF200A780192087008788DF800009DF8FF
:10CBF00000209DF8000002F0F002824207D0502091
:10CC000080F31188BFF34F8FBFF36F8FFEE79DF85E
:10CC1000002007201F4C02F050022270A06005E0A7
:10CC20009DF8002052008DF80020401E9DF8002045
:10CC30001206F5D40328A06007D0502080F3118895
:10CC4000BFF34F8FBFF36F8FFEE74FF44070A060CC
:10CC5000019808700C482030016841F470010160AF
:10CC6000016841F070410160FFF7ECFB002060605B
:10CC7000F3F7DCFB0848016841F040410160F3F73D
:10CC8000C1FB00201CBD000000ED00E071C20F419F
:10CC900000E400E08C00002434EF00E0502010B5E8
:10CCA00080F31188BFF34F8FBFF36F8F00F0FAFC52
:10CCB00018B104494FF080500860002080F31188BB
:10CCC00010BD000004ED00E010B50C4648B18442F0
:10CCD0000FD9502080F31188BFF34F8FBFF36F8FB0
:10CCE000FEE7502080F31188BFF34F8FBFF36F8FA3
:10CCF000FEE70222002100F03CF8002800D0846307
:10CD000010BD38B50C4648B184420FD9502080F38D
:10CD10001188BFF34F8FBFF36F8FFEE7502080F372
:10CD20001188BFF34F8FBFF36F8FFEE702211346C9
:10CD300000220091114600F03DF8002800D08463E5
:10CD400038BD00210246012010B500F012F804465B
:10CD5000FEF7A4FF204610BD38B500220B46114651
:10CD60000090012000F026F80446FEF797FF2046C9
:10CD700038BDF8B5050017460E4613D005FB06F082
:10CD80005030FFF7F1F904000AD0002084F8460083
:10CD900004F150023B46314628460094FEF78AFFD4
:10CDA0002046F8BD502080F31188BFF34F8FBFF3AA
:10CDB0006F8FFEE7F8B5069D18B153B1CAB181B1C6
:10CDC00020E0502080F31188BFF34F8FBFF36F8FA7
:10CDD000FEE7502080F31188BFF34F8FBFF36F8FB2
:10CDE000FEE7502080F31188BFF34F8FBFF36F8FA2
:10CDF000FEE739B1502080F31188BFF34F8FBFF3A6
:10CE00006F8FFEE750241C46012683F8466000938E
:10CE10002B46FEF74FFF2046F8BD00002DE9F047F6
:10CE200004008A4629D0FFF7A7FA21680025D4E933
:10CE30000F23D4F840C004F1100810460E46401EDF
:10CE40004FF0FF3902FB031200FB0C10BAF1000F88
:10CE5000A563666084F8449084F84590C4E9022094
:10CE600013D04046FFF756FA04F12400FFF752FAB8
:10CE7000FFF7A2FA0120BDE8F087502080F3118867
:10CE8000BFF34F8FBFF36F8FFEE720690028EFD00D
:10CE9000404600F0E7FC0028EAD004494FF08050FB
:10CEA0000860BFF34F8FBFF36F8FE1E704ED00E041
:10CEB0002DE9FF4704001D4682B08A464FF0000866
:10CEC00003D0BAF1000F08D011E0502080F3118890
:10CED000BFF34F8FBFF36F8FFEE7206C38B1502048
:10CEE00080F31188BFF34F8FBFF36F8FFEE7022DE2
:10CEF0000AD1E06B012807D0502080F31188BFF3DE
:10CF00004F8FBFF36F8FFEE700F0B0FB3F4F4FF046
:10CF100080564FF0000948B9049838B1502080F38A
:10CF20001188BFF34F8FBFF36F8FFEE7FFF724FA2F
:10CF3000A06BE16B884207D3022D05D00498D0B1D5
:10CF4000B8F1000F1AD01EE02A4651462046FEF7DF
:10CF5000FCFD616A19B104F1240000F083FC20B1EA
:10CF60003E60BFF34F8FBFF36F8FFFF725FA0120AD
:10CF700006B0BDE8F087FFF71FFA22E06846FFF72A
:10CF8000B3FB4FF00108FFF717FAFFF7DBFCFFF7E1
:10CF9000F3F994F94400401C01D184F8449094F9C9
:10CFA0004500401C01D184F84590FFF705FA04A91B
:10CFB000684600F0C1FA30B12046FFF79FF800F054
:10CFC00089FC0020D4E7FFF7D7F9A06BE16B88421A
:10CFD00013D1FFF7F1F9049904F11000FFF792FB68
:10CFE0002046FFF78BF800F075FC00289ED13E60CC
:10CFF000BFF34F8FBFF36F8F98E7FFF7DDF9204640
:10D00000FFF77CF800F066FC90E7000004ED00E01C
:10D010002DE9F04704001F469046894603D0B9F138
:10D02000000F08D011E0502080F31188BFF34F8F1C
:10D03000BFF36F8FFEE7206C38B1502080F311886A
:10D04000BFF34F8FBFF36F8FFEE7022F0AD1E06B64
:10D05000012807D0502080F31188BFF34F8FBFF312
:10D060006F8FFEE7FFF700FA5020EFF3118680F391
:10D070001188BFF34F8FBFF36F8FA06BE16B8842B6
:10D0800006D3022F04D0002086F31188BDE8F08774
:10D0900094F94550A06B3A4649462046FEF755FDA7
:10D0A000681C04D06D1C84F845500120ECE7606AD0
:10D0B0000028FAD004F1240000F0D4FB0028F4D0BA
:10D0C000B8F1000FF1D00121C8F80010EDE770B5FC
:10D0D00004000E4609D0206C78B1502080F31188EE
:10D0E000BFF34F8FBFF36F8FFEE7502080F311889F
:10D0F000BFF34F8FBFF36F8FFEE7206848B9A0687A
:10D1000038B1502080F31188BFF34F8FBFF36F8F7A
:10D11000FEE7FFF7A9F95020EFF3118580F311889E
:10D12000BFF34F8FBFF36F8FD4E90E10884218D929
:10D1300094F94500491CA163411C04D0401C84F8AB
:10D14000450001200EE0606A0028FAD004F12400B6
:10D1500000F088FB0028F4D0002EF2D001203060CF
:10D16000EFE7002085F3118870BD10B5040009D0E9
:10D1700000F076FAA168884214D1E068401EE060B1
:10D1800008D00DE0502080F31188BFF34F8FBFF31C
:10D190006F8FFEE7002320461A461946FFF788FEE8
:10D1A000012010BD002010BD2DE9F74704008A467C
:10D1B00083B04FF0000603D0BAF1000F08D011E0A1
:10D1C000502080F31188BFF34F8FBFF36F8FFEE7BE
:10D1D000206C38B1502080F31188BFF34F8FBFF31C
:10D1E0006F8FFEE700F042FADFF8F4804FF08057CF
:10D1F0004FF0000948B9059838B1502080F31188E4
:10D20000BFF34F8FBFF36F8FFEE7FFF7B5F8A56B46
:10D21000C5B151462046FEF785FC6D1EA563206909
:10D2200050B104F1100000F01DFB28B1C8F80070E7
:10D23000BFF34F8FBFF36F8FFFF7BEF8012006B02B
:10D24000BDE8F087059808B11EB106E0FFF7B4F815
:10D2500027E06846FFF748FA0126FFF7ADF8FFF729
:10D2600071FBFFF789F894F94400401C01D184F860
:10D27000449094F94500401C01D184F84590FFF793
:10D280009BF805A9684600F057F9002820460AD007
:10D29000FEF734FF00F01EFB2046FEF7B9FD002824
:10D2A000B3D00020CBE7FEF7B3FD90B1059904F1B0
:10D2B0002400FFF727FA2046FEF720FF00F00AFBC4
:10D2C0000028A2D1C8F80070BFF34F8FBFF36F8F53
:10D2D0009BE72046FEF712FF00F0FCFA95E70000FE
:10D2E00004ED00E02DE9F04704009046894603D0A4
:10D2F000B9F1000F08D011E0502080F31188BFF37E
:10D300004F8FBFF36F8FFEE7206C38B1502080F352
:10D310001188BFF34F8FBFF36F8FFEE7FFF7A4F8BD
:10D320005020EFF3118680F31188BFF34F8FBFF3C6
:10D330006F8FA76BFFB194F9445049462046FEF722
:10D34000F1FB681CA7F10107A76304D06D1C84F8EA
:10D350004450012010E020690028FAD004F11000A8
:10D3600000F080FA0028F4D0B8F1000FF1D00121CC
:10D37000C8F80010EDE7002086F31188BDE8F087BB
:10D380002DE9F3434FF000060400354683B009D081
:10D39000206C78B1502080F31188BFF34F8FBFF31A
:10D3A0006F8FFEE7502080F31188BFF34F8FBFF3DC
:10D3B0006F8FFEE700F05AF9DFF83C814FF080579D
:10D3C0004FF0000948B9049838B1502080F3118813
:10D3D000BFF34F8FBFF36F8FFEE7FEF7CDFFA06B5C
:10D3E000C8B12168401EA06311B9FEF72BFFA060F1
:10D3F000206950B104F1100000F034FA28B1C8F8E7
:10D400000070BFF34F8FBFF36F8FFEF7D5FF012082
:10D4100005B0BDE8F083049808B166B10FE03DB1F6
:10D42000502080F31188BFF34F8FBFF36F8FFEE75B
:10D43000FEF7C2FF5EE06846FFF756F90126FEF7E9
:10D44000BBFFFFF77FFAFEF797FF94F94400401CFB
:10D4500001D184F8449094F94500401C01D184F82E
:10D460004590FEF7A9FF04A9684600F065F800287A
:10D47000204612D0FEF742FE00F02CFA2046FEF7BE
:10D48000C7FC0028A9D075B3FEF776FF606A58B3D1
:10D49000206B0068C0F1380128E0FEF7B9FCE0B16C
:10D4A000206838B9FEF768FFA06800F09DF90546CE
:10D4B000FEF782FF049904F12400FFF723F92046C8
:10D4C000FEF71CFE00F006FA002886D1C8F80070AE
:10D4D000BFF34F8FBFF36F8F7FE72046FEF70EFE3F
:10D4E00000F0F8F979E705E0FFE70021A068FFF711
:10D4F00065F99DE700208BE704ED00E070B50400BE
:10D500000D4607D000F0ACF8A16888420AD1E16866
:10D5100001200EE0502080F31188BFF34F8FBFF33E
:10D520006F8FFEE729462046FFF72AFF002802D02A
:10D53000E168491CE16070BD2DE9F04105000C4631
:10D5400012D0CCB1FEF718FF184E2068F268471CC5
:10D550006B68A2EB030117D02F68366AB74215D06B
:10D56000934213D801251CE0502080F31188BFF3AB
:10D570004F8FBFF36F8FFEE7502080F31188BFF30A
:10D580004F8FBFF36F8FFEE700250AE0884205D971
:10D59000401A20602846FFF7A7F8F5E70020206032
:10D5A0000125FEF709FF2846BDE8F0811800002498
:10D5B0002DE9FF5F994616468A4683469000DDE9CD
:10D5C0000E87FEF7D1FD05001CD05C20FEF7CCFDD8
:10D5D000040014D00020256384F859004B46CDE99F
:10D5E0000087CDE90240324651465846FEF773FBAC
:10D5F0002046FEF703FA012004B0BDE8F09F28465C
:10D60000FEF7EEFE4FF0FF30F6E7F0B585B0DDE94E
:10D610000B740A9DA7B1DCB15C262763022684F84F
:10D620005960002703970DF1100C0095CDE901C456
:10D63000FEF751FB2046FEF7E1F9049805B0F0BD76
:10D64000502080F31188BFF34F8FBFF36F8FFEE739
:10D65000502080F31188BFF34F8FBFF36F8FFEE729
:10D66000014800687047000018000024054841691F
:10D6700019B1006B18B100207047012070470220DB
:10D6800070470000180000240148C068704700007F
:10D690001800002410B5FEF7E7FE0148C06810BD71
:10D6A000180000242DE9F0412E4C206B002728B1F2
:10D6B000A069401CA0613846BDE8F081E668761C90
:10D6C000E66013D1606B006838B1502080F3118898
:10D6D000BFF34F8FBFF36F8FFEE7606BA16B61638A
:10D6E000A063206A401C2062FEF77CFCDFF8788093
:10D6F000A06A864209D3606B0068A0B1606BC06805
:10D70000C5686868864211D2A0622068C06A00EBD2
:10D71000800158F82100012800D90127E06900287C
:10D72000C9D00127C7E74FF0FF30EDE7281DFEF70E
:10D73000B8FDA86A18B105F11800FEF7B2FDE86A55
:10D740002169884200D9206100EB800108EB81004B
:10D75000291DFEF705FE2068E96AC06A8142CAD326
:10D760000127C8E718000024F407002470B5044618
:10D770004FF0000190B31A4D2868844207D0502022
:10D7800080F31188BFF34F8FBFF36F8FFEE7206DDB
:10D7900038B1E36C401EE26A20659A421ED040B167
:10D7A0001CE0502080F31188BFF34F8FBFF36F8FC1
:10D7B000FEE7201DFEF775FDE06CC0F13801A161A8
:10D7C000E0622969884200D9286100EB80000549A0
:10D7D00001EB8000211DFEF7C3FD0121084670BD4D
:10D7E00018000024F407002470B5002804464FF008
:10D7F00000002BD0194DE16A2A68D26A914226D2E4
:10D80000A069002804DB2868C06AC0F13800A06164
:10D81000134E01EB8101606906EB8101884211D151
:10D82000201DFEF73EFD2868C06AE0622969884233
:10D8300000D9286100EB8000211D06EB8000FEF777
:10D840008FFD02E02868C06AE062012070BD29688F
:10D85000E26CC96A8A42F8D370BD00001800002447
:10D86000F407002470B5C068C46854B104F118000E
:10D870000646FEF716FD144D286B50B1134831468D
:10D8800015E0502080F31188BFF34F8FBFF36F8FE7
:10D89000FEE7201DFEF705FDE06A2969884200D9F0
:10D8A000286100EB80000A4901EB8000211DFEF792
:10D8B00057FDE06A2968C96A884203D90121E961F4
:10D8C000084670BD002070BD180000247C0C0024A8
:10D8D000F40700242DE9F0472C4D286B002427463F
:10D8E00038B1FEF749FD286B401E2863286B40B114
:10D8F00047E0502080F31188BFF34F8FBFF36F8F45
:10D90000FEE7234E0120A968D9B3A6F591698046A8
:10D910003068E0B1F068C46804F11800FEF7C1FC9B
:10D92000201DFEF7BEFCE06A2969884200D9286103
:10D9300000EB800109EB8100211DFEF711FDE06A7B
:10D940002968C96A8842E3D3C5F81C80E0E70CB1B6
:10D95000FEF748FBAC694CB14FEA0806FFF7A2FEA0
:10D9600000B1EE61641EF9D10020A861E86940B100
:10D97000084901274FF080500860BFF34F8FBFF375
:10D980006F8FFEF719FD3846BDE8F08718000024B8
:10D990007C0C002404ED00E010B586B0FEF796F88C
:10D9A000114C2068B8B10020039005AA049004A986
:10D9B00003A8FEF7A1FCDDE90321022000238DE886
:10D9C00007000C4809A1059AFFF71FFE606010B11F
:10D9D00006B0012010BD502080F31188BFF34F8F97
:10D9E000BFF36F8FFEE7000054000024546D7220D7
:10D9F00053766300D9C000082DE9FF411E46134647
:10DA000002004FF000000A9D16D0144C2768002F2A
:10DA10000FD006290292CDE9001317DAFFF726FE90
:10DA200002284FF000030FD0002220686946FFF75C
:10DA30003FFA04B0BDE8F081502080F31188BFF3B5
:10DA40004F8FBFF36F8FFEE72A46EEE70023324683
:10DA500069463846FFF7DCFAEBE700005400002483
:10DA60001FB51C466FF00103CDE9003005480023C7
:10DA7000CDE90212224669460068FFF7C9FA04B0F0
:10DA800010BD00005400002410B500290AD0087809
:10DA9000002807D005487844F3F7D4FE002801D0C9
:10DAA000002010BD0248784410BD0000C6030000ED
:10DAB000BE03000010B500290AD00878002807D05E
:10DAC00005487844F3F7BEFE002801D0002010BDC1
:10DAD0000248784410BD0000B6030000AE03000009
:10DAE0004FF04070E1EE100A7047F3F7CFBAF3F74A
:10DAF00003BC0000CCDD00080000000000000000B6
:10DB000000000000000000000002000018000000FB
:10DB100000000000000000000000803F0000000046
:10DB2000000000000000000000061016000610169D
:10DB3000010002000400060008000A000C001000AA
:10DB400020004000800000010101010307010000E6
:10DB5000080402040801010100000000010203049E
:10DB6000010203040607080930DE00080000000077
:10DB700000000000000000000000000000040000A1
:10DB800028000000000000000000000024DE000863
:10DB90000000000000000000000000000000000085
:10DBA0000008000028000000000000000000000045
:10DBB00004DE00080000000000000000000000007B
:10DBC0000000000000080000180000000000000035
:10DBD000000000000CDE0008000000000000000053
:10DBE0000000000000000000000400002000000011
:10DBF0000000000000000000E4DD0008000000005C
:10DC0000000000000000000000000000000600000E
:10DC1000180000000000000000000000D8DD00082F
:10DC200000000000000000000000000000000000F4
:10DC300000040000080000000000000000000000D8
:10DC4000F0DD0008000000000000000000000000FF
:10DC500000000000000400000800000000000000B8
:10DC600000000000F8DD00080000000000000000D7
:10DC70000000000000000000000400000800000098
:10DC8000000000000000000018DE00080000000096
:10DC9000000000000000000000000000000600007E
:10DCA0002000000000000000000000000400000848
:10DCB0000000000000000002000100001000000051
:10DCC00000000000000000003031323334353637B8
:10DCD00038394142434445464030580030313233B0
:10DCE00034353637383961626364656640307800B0
:10DCF000000000006E83F9A22915444ED15727FC7D
:10DD0000C0DD34F5999562DB4190433CAB6351FE35
:10DD100030313233343536373839616263646566A1
:10DD20007870003031323334353637383941424338
:10DD3000444546585000000002400000000000A08A
:10DD40000000000005400000000000C800000000C6
:10DD50000C4000000000409C000000001940000042
:10DD60000020BCBE0000000034400000BFC91B8E74
:10DD700000000004B5400000504BCFD06607E2CF52
:10DD8000010000006C4100003E8251AADFEEA73482
:10DD900001000000D9420000DCB5A0E23A301F9734
:10DDA000FFFFFFFFB4450000FD25A0C8E9A3C14F58
:10DDB000FFFFFFFFFF3F00000000008000000000A9
:10DDC000FF3F000000000080000000006465666105
:10DDD000756C745461736B0053706F325461736B64
:10DDE000000000004C6F72615461736B0000000012
:10DDF0004164635461736B00446562756754617379
:10DE00006B00000055695461736B0000436F6E74C2
:10DE1000726F6C5461736B0052657475726E5461ED
:10DE2000736B00004779726F5461736B00000000E0
:10DE3000496E69745461736B0000000088DF00084C
:10DE40000000002404010000D40200088CE0000857
:10DE500004010024641C0200F00200081C00000001
:10DE600043000000F8FFFFFF0C0000000E00000060
:10DE70000F0000002E000000100100004300000011
:10DE8000F8FFFFFF004040404040404040404141DB
:10DE9000414141404040404040404040404040407F
:10DEA0004040404040050202020202020202020219
:10DEB0000202020202202020202020202020200216
:10DEC00002020202020290909090909010101010A6
:10DED0001010101010101010101010101010101042
:10DEE00002020202020288888888888808080808D6
:10DEF00008080808080808080808080808080808A2
:10DF000002020202400000000000000000000000C9
:10DF10000000000000000000000000000000000001
:10DF200000000000000000000000000000000000F1
:10DF300000000000000000000000000000000000E1
:10DF400000000000000000000000000000000000D1
:10DF500000000000000000000000000000000000C1
:10DF600000000000000000000000000000000000B1
:10DF700000000000000000000000000000000000A1
:10DF80000000000000000000000000000100000090
:10DF900010000000000000000090D0030090D003AB
:10DFA0000000000000000000000000000000000071
:10DFB0000000000000000000000000000000000061
:10DFC0000000000000000000000000000000000051
:10DFD0000000000000000000000000000000000041
:10DFE0000000000000000000000000000000000031
:10DFF0000000000000000000000000000000000021
:10E000000000000000000000000000000000000010
:10E010000000000000000000AAAAAAAA0000000058
:10E0200000000000000000000000000000000000F0
:10E0300000000000000000000000000000000000E0
:10E0400000000000000000000000000000000000D0
:10E0500000000000000000000000000000000000C0
:10E0600000000000000000000000000000000000B0
:10E0700000000000000000000000000000000000A0
:0CE0800000000000000000000000000094
:040000050800029954
:00000001FF
